Price,Close,High,Low,Open,Volume
Ticker,AAPL,AAPL,AAPL,AAPL,AAPL
Date,,,,,
2020-01-02,72.27154541015625,72.33170151465225,71.02992253216576,71.28257523373918,135480400
2020-01-03,71.56891632080078,72.32688174170664,71.34513738245916,71.50154177990413,146322800
2020-01-06,72.13919830322266,72.17769909168206,70.442799076604,70.69305052995288,118387200
2020-01-07,71.7999267578125,72.40388908002937,71.5809576466451,72.14882777323544,108872000
2020-01-08,72.95491790771484,73.25569843032547,71.50395296037216,71.50395296037216,132079200
2020-01-09,74.5045394897461,74.69703608624071,73.67919950094557,73.9294436077337,170108400
2020-01-10,74.67298889160156,75.23605661610512,74.17249322271363,74.73796219850064,140644800
2020-01-13,76.26832580566406,76.29479831442737,74.87029829848657,74.98820927579929,121532000
2020-01-14,75.23846435546875,76.415121645485,75.11575085804331,76.20577951248254,161954400
2020-01-15,74.91600799560547,75.91700649010697,74.48528821645434,75.0387288028542,121923600
2020-01-16,75.85444641113281,75.96513894112196,75.09648089083629,75.4574175522418,108829200
2020-01-17,76.69420623779297,76.69660748800922,75.7966747158336,76.10226501476049,137816400
2020-01-21,76.17447662353516,76.76400206376488,76.03731893774885,76.32366259336249,110843200
2020-01-22,76.44638061523438,76.99740524586852,76.35253356734525,76.65812393494353,101832400
2020-01-23,76.81453704833984,76.89393987673444,75.95309750344295,76.49931964228543,104472000
2020-01-24,76.59314727783203,77.80107904499712,76.40305195787334,77.05995917143782,146537600
2020-01-27,74.34092712402344,75.01948249541286,73.36158384540518,74.60801674004179,161940000
2020-01-28,76.4439697265625,76.61481100227473,75.12053546591517,75.21919235562906,162234000
2020-01-29,78.04409790039062,78.88869168738194,77.3318519069493,78.07057039640947,216229200
2020-01-30,77.93101501464844,77.98395267078313,76.6990193918119,77.12973907839535,126743200
2020-01-31,74.47565460205078,77.64467359137022,74.18209256314945,77.22358092411761,199588400
2020-02-03,74.27113342285156,75.4333461257712,72.7215115901091,73.22200714636392,173788400
2020-02-04,76.72308349609375,76.91317880860565,75.467023963902,75.87127115182567,136616400
2020-02-05,77.34872436523438,78.14519062464261,76.74716330264357,77.84681134417079,118826800
2020-02-06,78.25347900390625,78.25588759836752,77.06239232642683,77.61823424457238,105425600
2020-02-07,77.18976593017578,78.00259327534266,76.7001395476174,77.75416230016674,117684000
2020-02-10,77.55640411376953,77.55640411376953,75.69920332307832,75.7787945932457,109348800
2020-02-11,77.08850860595703,78.12323960871674,76.87143407632952,78.05088388574234,94323200
2020-02-12,78.9191665649414,78.9239878248454,77.53711376977571,77.53711376977571,113730400
2020-02-13,78.35716247558594,78.68277779613301,77.99054805167637,78.19315134073435,94747600
2020-02-14,78.37646484375,78.62489586415948,77.86995292388279,78.32580849927255,80113600
2020-02-18,76.94136810302734,77.12226473649841,75.88251627530599,76.06341290877705,152531200
2020-02-19,78.05567169189453,78.28481031761038,77.18254532561073,77.18254532561073,93984000
2020-02-20,77.25489044189453,78.30409199592609,76.75079289502835,77.81687989510665,100566000
2020-02-21,75.50626373291016,77.29111668555649,74.8912180267307,76.84972470852547,129554000
2020-02-24,71.91968536376953,73.36685862415598,69.76098966678205,71.69778958583775,222195200
2020-02-25,69.48361206054688,72.96889076529182,69.0132851459726,72.58780502811709,230673600
2020-02-26,70.5858383178711,71.84729301659297,69.102487954342,69.109723522527,198054800
2020-02-27,65.9717788696289,68.98190082835502,65.8367100023176,67.80004455903044,320605600
2020-02-28,65.9332046508789,67.15124645876003,61.835295069493725,62.04996261815576,426510000
2020-03-02,72.07162475585938,72.70597008087806,66.98481268602946,68.08466354649526,341397200
2020-03-03,69.78268432617188,73.32343252495296,68.93367144924383,73.24384124809224,319475600
2020-03-04,73.01951599121094,73.17870588852956,70.70163100181635,71.4999874378904,219178400
2020-03-05,70.6509780883789,72.25009782118012,70.28677058471263,71.27808040208855,187572800
2020-03-06,69.71273040771484,70.14447238483373,67.83140857783133,68.01712645055636,226176800
2020-03-09,64.1989974975586,67.07404319923313,63.43440466648222,63.61530125773645,286744800
2020-03-10,68.82270812988281,69.08802459436366,64.97081653756358,66.84490987612755,285290000
2020-03-11,66.43246459960938,67.82898839120944,65.5713950302336,66.90521300673807,255598800
2020-03-12,59.87196350097656,65.12279105466,59.81648956131734,61.73158259822545,418474000
2020-03-13,67.04511260986328,67.51544677339488,61.01040024313374,63.89027874713733,370732000
2020-03-16,58.419960021972656,62.4889229945198,57.88691638094368,58.35724684046864,322423600
2020-03-17,60.988685607910156,62.1343603897057,57.50099755431687,59.69828839419459,324056000
2020-03-18,59.495697021484375,60.298878525080625,57.192279125756,57.83144944633274,300233600
2020-03-19,59.03983688354492,60.983872113197,58.51644306635794,59.669357314419855,271857200
2020-03-20,55.29166030883789,60.740266023209095,54.99257655004273,59.61870468799079,401693200
2020-03-23,54.117034912109375,55.11317353712298,51.280577065059646,55.01187186548029,336752800
2020-03-24,59.54633712768555,59.74170486400554,56.51209775923422,57.008959824529704,287531200
2020-03-25,59.21831130981445,62.28872853386047,58.92405254951491,60.47976255514235,303602000
2020-03-26,62.33456039428711,62.39244495401999,59.42091855638433,59.45951071644022,252087200
2020-03-27,59.75377655029297,61.7146935301043,59.58735106071219,60.962164721931764,204216800
2020-03-30,61.459014892578125,61.63026528942081,60.154146563924634,60.47735127906783,167976400
2020-03-31,61.3336067199707,63.311409233664314,60.78127060250106,61.64957594039169,197002000
2020-04-01,58.106407165527344,59.99014337906341,57.67707948194542,59.454689089589124,176218400
2020-04-02,59.07600021362305,59.129063507420874,57.13920103105384,57.968913973692054,165934000
2020-04-03,58.22699737548828,59.26172428830562,57.638479859243176,58.56225892051635,129880000
2020-04-06,63.30658721923828,63.46094852152329,60.149338806047744,60.51595333958977,201820400
2020-04-07,62.573341369628906,65.53281460871749,62.46962908019549,65.31573278898928,202887200
2020-04-08,64.17488861083984,64.48843981733701,63.00750327122689,63.37170347185306,168895200
2020-04-09,64.63799285888672,65.13968372309436,63.84446480191953,64.80924699848376,161834800
2020-04-13,65.90666198730469,66.0152028927721,64.11698836636067,64.71515578008704,131022800
2020-04-14,69.23517608642578,69.524613675671,67.06441624919755,67.53475049154513,194994800
2020-04-15,68.60322570800781,69.06149562848323,67.68668586705697,68.11359919874643,131154400
2020-04-16,69.14834594726562,69.51255354700056,68.10155824756667,69.31477144908467,157125200
2020-04-17,68.2100830078125,69.21105020012682,66.77738117936849,68.66594602627303,215250000
2020-04-20,66.79425811767578,67.93993657233999,66.77496571925322,67.04028220194732,130015200
2020-04-21,64.72966003417969,66.87147807503524,64.02054440279629,66.63751805569166,180991600
2020-04-22,66.59407043457031,67.02821933430408,65.65340957801277,65.99348871174,116862400
2020-04-23,66.33598327636719,67.95681696931808,66.29739112168969,66.53858656789843,124814400
2020-04-24,68.25109100341797,68.26074088442513,66.81115357242885,66.85939561676216,126161200
2020-04-27,68.2993392944336,68.62977598230127,67.52268941813087,67.96889524586273,117087600
2020-04-28,67.19224548339844,68.94091302319053,67.10059736775176,68.76001638114307,112004800
2020-04-29,69.39916229248047,69.86708200588623,68.47297274366603,68.67557601740354,137280800
2020-04-30,70.86323547363281,71.0393108397726,69.54872440544703,69.93704563014794,183064000
2020-05-01,69.72236633300781,72.11743524186343,68.94571673597511,69.0421934380716,240616800
2020-05-04,70.7088851928711,70.83671853428713,69.05910858714758,69.74651734637497,133568000
2020-05-05,71.77011108398438,72.59982394651486,71.02240378382372,71.16712251300002,147751200
2020-05-06,72.51058197021484,73.1400984978459,72.0860756657677,72.46957550915792,142333600
2020-05-07,73.26070404052734,73.60561913010429,72.8337907414733,73.13528505567275,115215200
2020-05-08,75.00442504882812,75.05763197756472,73.59203166310506,73.91852839032389,133838400
2020-05-11,76.18466186523438,76.67802725492889,74.3054951964832,74.5134886448119,145946400
2020-05-12,75.31400299072266,77.31650723109308,75.19307880379056,76.86666541777984,162301200
2020-05-13,74.40464782714844,76.41199367992591,73.33084049882564,75.49296546688427,200622400
2020-05-14,74.86175537109375,74.92221747074527,72.92454733645849,73.6452582213304,158929200
2020-05-15,74.41917419433594,74.46512598393333,72.60531107010586,72.63917339112623,166348400
2020-05-18,76.17259979248047,76.54504854074018,75.05042661546659,75.7396963012012,135178400
2020-05-19,75.73240661621094,77.03354472425552,75.70096514534589,76.18949622469526,101729600
2020-05-20,77.20526885986328,77.27539958314759,76.54985436932522,76.58855099973772,111504800
2020-05-21,76.62969207763672,77.6067619997602,76.39267791109607,77.06743723434977,102688800
2020-05-22,77.12305450439453,77.20528209037693,76.26690893879248,76.36848115298238,81803200
2020-05-26,76.60063934326172,78.41691564137308,76.5450115593525,78.2379502036352,125522000
2020-05-27,76.93440246582031,77.07951300360745,75.72032597361274,76.45796813210207,112945200
2020-05-28,76.96825408935547,78.22344788867842,76.3346124557575,76.61031579665872,133560800
2020-05-29,76.8932876586914,77.66961902448975,76.53777018415474,77.21010850014466,153532400
2020-06-01,77.83891296386719,77.95983717000007,76.71673278825261,76.84733299745191,80791200
2020-06-02,78.19925689697266,78.22344321190015,77.13270462012565,77.57287045767401,87642800
2020-06-03,78.62976837158203,78.89096883567885,77.94775395832036,78.51852014905218,104491200
2020-06-04,77.95258331298828,78.75068013452528,77.58013468531132,78.45321130607884,87560400
2020-06-05,80.17276763916016,80.2332297565351,78.17268345342404,78.20170408886328,137250400
2020-06-08,80.64676666259766,80.68062898183005,79.16182130122834,79.87043535299438,95654400
2020-06-09,83.19344329833984,83.58523659393398,80.29610368341933,80.32754516181643,147712400
2020-06-10,85.33379364013672,85.80055930851739,83.70131684314876,84.13906188270568,166651600
2020-06-11,81.23688507080078,84.90330810607846,81.1353128647156,84.4800733592576,201662400
2020-06-12,81.93821716308594,84.11485229011672,80.8305549792501,83.36996262745267,200146000
2020-06-15,82.95159149169922,83.60216436549862,80.43394842399245,80.59599012122506,138808800
2020-06-16,85.14997100830078,85.42084738289208,83.3699705447458,85.00002619954361,165428800
2020-06-17,85.0314712524414,85.95291299210936,84.9105470621372,85.89245089695726,114406400
2020-06-18,85.06534576416016,85.4813253336703,84.45830388000144,84.98795249991922,96820400
2020-06-19,84.5792007446289,86.23344248469422,83.47395207274757,85.76909781061914,264476000
2020-06-22,86.7921371459961,86.93482682128399,84.92506713782858,84.97101892587712,135445200
2020-06-23,88.64468383789062,90.05949829570565,87.61440740737248,88.03280774958151,212155600
2020-06-24,87.07994079589844,89.19128014209528,86.70749216559717,88.27467257128609,192623200
2020-06-25,88.23596954345703,88.27466617320825,86.47773432903298,87.2347210034187,137522400
2020-06-26,85.52484893798828,88.35205726047579,85.37731757939976,88.13197433577965,205256800
2020-06-29,87.49590301513672,87.59022742215014,84.95649512979536,85.43293671398446,130646000
2020-06-30,88.22628021240234,88.51166689112543,87.06541101774955,87.08475563938902,140223200
2020-07-01,88.0594253540039,88.84543272516727,88.01106009800148,88.30369462192029,110737200
2020-07-02,88.0594253540039,89.59758515519175,87.94576368111557,88.96394347072363,114041600
2020-07-06,90.4150161743164,90.88178176519018,89.45245698793732,89.48389845748481,118655600
2020-07-07,90.13449096679688,91.56865036942912,90.0232427568075,90.79231898432114,112424400
2020-07-08,92.23371887207031,92.26516034352021,91.02205608216732,91.10912534007682,117092000
2020-07-09,92.63035583496094,93.17692818708905,91.58556900054663,93.12372124513385,125642800
2020-07-10,92.79238891601562,92.85043754869993,91.61700927809584,92.22646456657715,90257200
2020-07-13,92.36434936523438,96.69585631586999,92.15152153234231,94.09356443653809,191649200
2020-07-14,93.89280700683594,94.08386192882043,90.8164950630273,91.74760549870197,170989200
2020-07-15,94.53855895996094,96.01141515552303,93.343827009689,95.76231154374084,153198000
2020-07-16,93.37523651123047,94.22896096414982,92.7778707406749,93.41393313619832,110577600
2020-07-17,93.18659973144531,93.97986213133798,92.71499243301174,93.82508300436295,92186800
2020-07-20,95.15040588378906,95.28826123103211,92.9302395381322,93.27366748344572,90318000
2020-07-21,93.83717346191406,96.01380892881413,93.58806992037168,95.93883651984883,103433200
2020-07-22,94.10078430175781,94.78037765198125,93.45263242150494,93.53969429469112,89001600
2020-07-23,89.81764221191406,93.91213304289855,89.00986960132232,93.83473979885208,197004400
2020-07-24,89.59514617919922,89.93857411627435,86.23828958165114,88.02071829007306,185438800
2020-07-27,91.71859741210938,91.81050099759301,90.43196935722393,90.65446578253629,121214000
2020-07-28,90.21186065673828,91.46705425689517,90.20701896585531,91.29050229407278,103625600
2020-07-29,91.94107055664062,92.12487766631008,90.65685639553129,90.693132172275,90329200
2020-07-30,93.0535888671875,93.15758190350233,90.71007737841838,91.11638090213245,158130000
2020-07-31,102.79524993896484,102.94519477180637,97.53746050279906,99.53029641393837,374336800
2020-08-03,105.38544464111328,107.99740451645603,104.37452005882113,104.67198887947312,308151200
2020-08-04,106.08922576904297,107.17754362792036,104.85337654025795,105.57408746827389,173071600
2020-08-05,106.4737777709961,106.79301948932648,105.34676313310521,105.81111539437022,121776800
2020-08-06,110.18854522705078,110.68191802624929,106.21739865938491,106.80508849601155,202428800
2020-08-07,107.68333435058594,110.16675013813993,106.88864159432606,109.71125415700284,198045600
2020-08-10,109.24848937988281,110.26366188327368,106.60516497027935,109.12492193624439,212403600
2020-08-11,105.99944305419922,109.01103688460056,105.74019692749955,108.51435673757749,187902400
2020-08-12,109.52227020263672,109.77909114067742,106.89348231283336,107.08730692473522,165598000
2020-08-13,111.4605484008789,112.46118443380263,110.41145251692377,110.8984466622293,210082000
2020-08-14,111.36119079589844,111.45083484959588,109.55616888260863,111.28608321610146,165565200
2020-08-17,111.0704574584961,112.50478464058327,110.4453668374708,112.48055471705385,119561600
2020-08-18,111.9959716796875,112.41996940914007,110.48896231124728,110.82331598950212,105633600
2020-08-19,112.13652038574219,113.54661780572758,112.04203328527555,112.4030347872071,145538000
2020-08-20,114.62477111816406,114.73864510178977,112.16073508691606,112.17769677241944,126907200
2020-08-21,120.53166961669922,121.0138133012155,115.56968146956478,115.58179273436723,338054800
2020-08-24,121.9732666015625,124.81042301409434,120.11252368244841,124.72561457851019,345937600
2020-08-25,120.97261047363281,121.31665761054535,119.25481478724724,120.84905044472852,211495600
2020-08-26,122.61772155761719,123.07321745146164,121.22216092863566,122.28579308436115,163022400
2020-08-27,121.15193176269531,123.55054660251213,120.01076655415024,123.21861805256327,155552400
2020-08-28,120.9556655883789,122.54020052783069,120.73276064666275,122.12347098857094,187630000
2020-08-31,125.05754852294922,126.95706531989478,122.11137580386827,123.64261546547715,225702700
2020-09-01,130.0388946533203,130.63977010693876,126.50154782295441,128.6627208391991,151948100
2020-09-02,127.3447265625,133.72165634087213,123.0805253018372,133.343693114531,200119000
2020-09-03,117.14936828613281,124.86370387094604,116.78109860380435,122.99327511596653,257599600
2020-09-04,117.22689819335938,119.88233348649146,107.46768160963626,116.36436621062012,332607200
2020-09-08,109.33815002441406,115.31772977331786,109.2024712944893,110.43327331421725,231366600
2020-09-09,113.6992416381836,115.4630720645518,111.70282021985868,113.641095738678,176940500
2020-09-10,109.9874496459961,116.78110786689479,109.02800526992252,116.64542916296256,182274400
2020-09-11,108.54344940185547,111.6737682049014,106.60517351967947,111.03413361469418,180860300
2020-09-14,111.79972839355469,112.3521366002866,109.31873818703018,111.17948084192356,140150100
2020-09-15,111.97415924072266,115.16262283340274,110.1037233761393,114.67805403318874,184642000
2020-09-16,108.66941833496094,112.41998426492623,108.58219948246469,111.67375141580924,154679000
2020-09-17,106.9346694946289,108.73726653223142,105.35497742143326,106.33380874471821,178011000
2020-09-18,103.54268646240234,107.45800434374442,102.81583306003789,106.99282230683487,287104900
2020-09-21,106.68270111083984,106.78930687065947,99.91811535962182,101.31367629258035,195713800
2020-09-22,108.35931396484375,109.37691179002789,105.79110426173926,109.20246665982306,183055400
2020-09-23,103.81404876708984,108.65004455027305,103.47484460570544,108.17516907584385,150718700
2020-09-24,104.88011169433594,106.84746057911207,101.75948626582102,101.92423794523059,167743300
2020-09-25,108.81478118896484,108.96984677207095,104.34705574231214,105.08360247419822,149981400
2020-09-28,111.41207885742188,111.76096905147743,109.29935819072301,111.46053870423745,137672400
2020-09-29,110.56892395019531,111.75127320535319,110.06497556622581,111.0147338283158,99382200
2020-09-30,112.23584747314453,113.64110173479544,110.11344069592683,110.27819234917513,142675200
2020-10-01,113.18560791015625,114.0869063866764,112.25523648180236,114.00937358582986,116120400
2020-10-02,109.5319595336914,111.80943945830253,108.75665366895876,109.40597427158033,144712000
2020-10-05,112.90454864501953,113.04992078729782,110.04559522059489,110.3944854044891,106243800
2020-10-06,109.66766357421875,112.5363112701417,108.78574441340368,112.12926767610743,161498200
2020-10-07,111.52839660644531,111.98389262412043,110.6077111213325,111.08259403853273,96849000
2020-10-08,111.42176055908203,112.80762774105104,111.05348350755155,112.66225560986447,83477200
2020-10-09,113.36005401611328,113.38912696820374,111.37331849200241,111.72220870495784,100506900
2020-10-12,120.56074523925781,121.31667154926015,115.59875698215505,116.35468329215739,240226800
2020-10-13,117.36258697509766,121.5201890553274,115.957340112208,121.40388985664498,262330500
2020-10-14,117.4498062133789,119.23301612314903,115.92826024261022,117.26566767493782,150712000
2020-10-15,116.984619140625,117.45949457685697,114.50362881948811,115.0560370517392,112559200
2020-10-16,115.34680938720703,117.79873490562991,115.14329128057493,117.53706348714817,115393800
2020-10-19,112.40059661865234,116.703563090536,112.09047284235501,116.25776062422946,120639300
2020-10-20,113.88337707519531,115.30801072573557,112.06139340503645,112.61380161708941,124423700
2020-10-21,113.26311492919922,115.04632457915285,112.85607151437662,113.06928297120437,89946000
2020-10-22,112.1777114868164,114.39703815641963,111.05350797811873,113.82524295280673,101988000
2020-10-23,111.4896240234375,112.9530243111908,110.75307715494814,112.79795869932553,82572600
2020-10-26,111.49929809570312,112.9530046815979,109.39626361538546,110.491393975544,111850700
2020-10-27,113.00146484375,113.66047883675716,111.00504336225823,111.92572130525396,92276800
2020-10-28,107.76811218261719,111.86756801727019,107.67119988879593,111.49929834317572,143937800
2020-10-29,111.76097106933594,113.32128352260756,108.7372584642391,108.90201751002611,146129200
2020-10-30,105.5003433227539,108.53374202736012,104.39552680317541,107.63244356202665,190272600
2020-11-02,105.41313171386719,107.26418875001484,104.00788464199921,105.74264246216923,122866900
2020-11-03,107.0315933227539,108.04918369356872,105.3743683811965,106.27566693473848,107624400
2020-11-04,111.40240478515625,112.02265248381404,108.88264758511696,110.61740540896592,138235500
2020-11-05,115.35647583007812,115.92827100011738,113.26314194201399,114.30980518907859,126387100
2020-11-06,115.22541046142578,115.7205180962264,112.74013248938302,114.86620819105919,114457900
2020-11-09,112.92459869384766,118.42908863111414,112.66248329970261,116.982584063866,154515300
2020-11-10,112.58482360839844,114.15753088265224,110.79852956756876,112.17708523408758,138023400
2020-11-11,116.0020751953125,116.13798799149323,113.04110938515558,113.76921682470609,112295000
2020-11-12,115.73023223876953,117.011700843839,115.10891457611105,116.1282678012146,103162300
2020-11-13,115.77877807617188,116.17680624012897,114.42935305539847,115.95352413531403,81581900
2020-11-16,116.78843688964844,117.45829070105812,114.70119407046309,115.44871445344523,91183000
2020-11-17,115.90497589111328,117.14761119066519,115.48752740079281,116.06030900690259,74271000
2020-11-18,114.58467102050781,116.32242132257835,114.55554791373581,115.14774244040137,76322100
2020-11-19,115.17687225341797,115.58461058534773,113.4002885699786,114.1575190169027,74113000
2020-11-20,113.91482543945312,115.30308383579212,113.8662893904585,115.17688122037637,73604300
2020-11-23,110.52670288085938,114.18666026045105,110.42962337461562,113.7595015449486,127959300
2020-11-24,111.80815887451172,112.46830981108012,109.3034679028236,110.5849439032423,113874200
2020-11-25,112.64306640625,113.34205068763839,111.80816933755735,112.17708182311867,76499200
2020-11-27,113.18671417236328,114.06044449798334,112.82751927666311,113.1673012347678,46691300
2020-11-30,115.57489013671875,117.43884286036615,113.40027121910705,113.5556043160892,169410200
2020-12-01,119.13777160644531,119.86587890611962,116.50687811909167,117.47768785199075,127728200
2020-12-02,119.48726654052734,119.76880225855713,117.36119080484525,118.45820316266558,89004200
2020-12-03,119.35136413574219,120.16684084637635,118.64266969338425,119.91442821402666,78967600
2020-12-04,118.68151092529297,119.27370556007313,117.97281643546543,119.02129291081638,78260400
2020-12-07,120.13771057128906,120.93377429658472,118.68149589769769,118.73974211450027,86712000
2020-12-08,120.74931335449219,121.3318051265446,119.49696789528441,120.7396105898644,82225500
2020-12-09,118.2251968383789,122.2734712617734,117.46796650383776,120.89492334982977,115089200
2020-12-10,119.64259338378906,120.25420827611856,116.64279476467264,116.98257670113864,81312200
2020-12-11,118.83683013916016,119.17661208486537,117.03112333433712,118.8562430760472,86939800
2020-12-14,118.2251968383789,119.74936767773963,117.99220459852543,119.02126044734395,79184500
2020-12-15,124.14717102050781,124.16659136683006,120.5066337877432,120.71050298397499,157243700
2020-12-16,124.07918548583984,124.62283654813265,122.8656733598718,123.69086753088224,98208600
2020-12-17,124.94320678710938,125.79752407268884,124.30246882292478,125.13736576654637,94359800
2020-12-18,122.9627914428711,125.33157008370488,122.43855318268531,125.19565728365953,192541500
2020-12-21,124.48693084716797,124.56459740524315,119.84646139919089,121.37063241963554,121251600
2020-12-22,128.03041076660156,130.48655855974283,125.86549408459715,127.76828795319533,168904800
2020-12-23,127.13726043701172,128.5643372428869,126.9625069666015,128.30222925734495,88223700
2020-12-24,128.11773681640625,129.56424837102043,127.27313725268434,127.48671653761738,54930100
2020-12-28,132.6999969482422,133.33101740723168,129.61281401111586,130.07881339134244,124486200
2020-12-29,130.93312072753906,134.73869359094937,130.41859268818658,134.02030377703682,121047300
2020-12-30,129.81671142578125,132.02045422329275,129.50604512243837,131.62241857715392,96452100
2020-12-31,128.81675720214844,130.80692029298538,127.87507049302144,130.16618225748783,99116600
2021-01-04,125.63249206542969,129.70989001259753,123.05984477192808,129.62252069116946,143301900
2021-01-05,127.1857681274414,127.89446984433803,124.6810774289331,125.12765639008194,97664900
2021-01-06,122.9045181274414,127.22462614380248,122.69093878823239,123.99182776037331,155088000
2021-01-07,127.09842681884766,127.78770834669253,124.1277509770645,124.61315591365346,109578200
2021-01-08,128.1954345703125,128.75850602101508,126.42855365810287,128.56433221406948,105158200
2021-01-11,125.21504211425781,126.37030813032683,124.74905756448756,125.41891868730954,100384500
2021-01-12,125.04029846191406,125.90431854480057,123.1569251813032,124.74905257493837,91951100
2021-01-13,127.06929016113281,127.61294126201366,124.73935263924878,125.00146061142823,88636800
2021-01-14,125.14710235595703,127.17609140406186,125.00147198922038,126.98193239512918,90221800
2021-01-15,123.42877960205078,126.41887610200494,123.29286679811581,125.02090736816824,111598500
2021-01-19,124.0986328125,124.95295027523217,123.2346125834672,124.05008935422954,90757300
2021-01-20,128.176025390625,128.62260444676102,124.79761120554318,124.9044008833116,104319500
2021-01-21,132.874755859375,135.5930267381697,129.69050034270776,129.8943769543058,120150900
2021-01-22,135.0105438232422,135.7677743821565,131.07876065141238,132.30197582810843,114459400
2021-01-25,138.7481231689453,140.85477848015867,132.55435242559187,138.89375351472623,157611700
2021-01-26,138.9811248779297,140.08784738058793,137.24336716103608,139.40828353042602,98390600
2021-01-27,137.91323852539062,140.0878578213645,136.3114082725256,139.24324321793168,140843800
2021-01-28,133.08831787109375,137.8452949915903,132.7097026247184,135.44739349341899,142621100
2021-01-29,128.1080780029297,132.7485480341253,126.40916071663973,131.86510749004256,177523800
2021-02-01,130.2244415283203,131.42825115687322,127.1081351803439,129.84582625364877,106239800
2021-02-02,131.04959106445312,132.33105201225376,130.6806786822872,131.76798067598213,83305400
2021-02-03,130.03030395507812,131.80688817183957,129.70993485237824,131.797170590512,89880900
2021-02-04,133.3795928955078,133.3892956632412,130.66132177818676,132.32141349051977,84183100
2021-02-05,132.96630859375,133.6080039296229,132.09128028884282,133.53995342549268,75693800
2021-02-08,133.11216735839844,133.16078334273837,131.17736393158722,132.25657350766537,71297200
2021-02-09,132.23716735839844,134.055304885325,132.08161692740265,132.8302469559109,76774200
2021-02-10,131.6343536376953,133.18997643259982,130.6718103643523,132.6941140635208,73046600
2021-02-11,131.3815460205078,132.6065887223786,130.0592713492993,132.13017580944882,64280000
2021-02-12,131.61488342285156,131.7704486448014,129.98149309892653,130.62318851283254,60145100
2021-02-16,129.495361328125,132.2371278628611,129.10644827799214,131.73156315096224,80576300
2021-02-17,127.21055603027344,128.55228022303262,125.87856393692216,127.60918638254499,97918500
2021-02-18,126.11190032958984,126.3938493119664,123.87569849004416,125.61603804140495,96856700
2021-02-19,126.26748657226562,127.08419679781535,125.2271753854348,126.62723310292547,87668800
2021-02-22,122.50482940673828,126.1216398427311,122.11592370284757,124.4590677731543,103916400
2021-02-23,122.36870574951172,123.1951256816812,115.10591870921408,120.32696020598745,158273000
2021-02-24,121.87284851074219,122.07702231944482,118.83940058972168,121.47422557501572,111039900
2021-02-25,117.63380432128906,122.952070827566,117.19629003176654,121.22144819930787,148199500
2021-02-26,117.89631652832031,121.38672834698384,117.83797585116562,119.18941742406001,164560400
2021-03-01,124.24517059326172,124.38128647028813,119.38386807729292,120.31723727022785,116307900
2021-03-02,121.64923858642578,125.14937496490815,121.54228933610958,124.84797657824923,102260900
2021-03-03,118.67412567138672,122.22287832128721,118.46022715397075,121.34784230356715,112966300
2021-03-04,116.79764556884766,120.17139052818686,115.32953762534804,118.37271017337518,178155000
2021-03-05,118.05188751220703,118.55746720916116,114.30868545617739,117.62409786604603,153766600
2021-03-08,113.13223266601562,117.6435208042625,112.98639210708664,117.57546286579684,154376600
2021-03-09,117.73102569580078,118.67411961018901,115.4948308955723,115.72817134912674,129525800
2021-03-10,116.65181732177734,118.7810627593394,116.13651302909358,118.31438187621302,111943300
2021-03-11,118.57688903808594,119.79221465640565,117.89630965893046,119.14080190524842,103026500
2021-03-12,117.67269134521484,117.80880722667213,115.8545688924242,117.06016987865702,88105100
2021-03-15,120.55058288574219,120.56030756816384,117.07961303714333,118.04215631738552,92403800
2021-03-16,122.08675384521484,123.69098519524891,121.26033388239702,122.21314504308985,115227900
2021-03-17,121.2992172241211,122.36870224795845,118.9463412703685,120.60891318675553,111932600
2021-03-18,117.18653869628906,119.76303010508991,116.98236491309837,119.47134903324158,121229700
2021-03-19,116.66154479980469,118.06160240727854,116.3601463939911,116.57404490821733,185549500
2021-03-22,119.96721649169922,120.43390477213393,116.92404394954326,116.99210188442348,111912300
2021-03-23,119.14080047607422,120.79364033005854,118.75189479932533,119.90888714776963,95467100
2021-03-24,116.75875854492188,119.49081556265351,116.73931659895885,119.41303294328375,88530500
2021-03-25,117.24488067626953,118.28520644839449,115.69899016650163,116.22401168427893,98844700
2021-03-26,117.84769439697266,118.11020888610055,115.62121696029041,117.0115497729694,94071200
2021-03-29,118.02269744873047,119.1796897776827,117.3810093980004,118.27548724702227,80819200
2021-03-30,116.57404327392578,117.06017355662125,115.56289139578807,116.77821710252674,85671900
2021-03-31,118.76162719726562,120.0936193981419,117.78936665110342,118.27549692418452,118323800
2021-04-01,119.58805084228516,120.73531861862071,119.0921958715762,120.22974638293907,75089100
2021-04-05,122.40760040283203,122.6603902138714,119.65610136330406,120.433912742921,88651200
2021-04-06,122.70899963378906,123.60347753407522,122.16453611496429,122.99095607539735,80171300
2021-04-07,124.35211181640625,124.3715537614014,121.66867092380699,122.33953300139642,83466700
2021-04-08,126.74388122558594,126.77304785417073,124.95492543996741,125.3729903400282,88844600
2021-04-09,129.3106689453125,129.34955284443396,125.87858997142516,126.199437772379,106686700
2021-04-12,127.59945678710938,129.16479658221076,127.00637736572274,128.843948878623,91420000
2021-04-13,130.70094299316406,130.9245735402874,128.27029228063316,128.76615452071883,91266500
2021-04-14,128.3675537109375,131.25516860713591,128.00782207026887,131.19683535032675,87222800
2021-04-15,130.76904296875,131.2551732400093,129.93289830876327,130.10791292088626,89347100
2021-04-16,130.43844604492188,130.93429345955573,129.58285222938275,130.57456189416538,84922400
2021-04-19,131.09962463378906,131.71215360069297,129.6412336348906,129.80651616783663,94264200
2021-04-20,129.41758728027344,131.77045575605666,128.15364574587304,131.27460827428777,94812300
2021-04-21,129.79676818847656,130.03983329744375,127.65779819666872,128.6883918850069,68847100
2021-04-22,128.28004455566406,130.42873181562496,127.7647477103965,129.34952213608938,84566500
2021-04-23,130.5940399169922,131.37183646308597,128.49395363729542,128.49395363729542,78657500
2021-04-26,130.98292541503906,131.31349039844014,129.85509976347652,131.08987465502372,66905100
2021-04-27,130.662109375,131.65381940116677,130.38987757731036,131.26490623623846,66015800
2021-04-28,129.87460327148438,131.27466123842572,129.3884728571588,130.58434952245332,107760100
2021-04-29,129.77732849121094,133.26775499092827,128.77590135452442,132.6843927517533,151101000
2021-04-30,127.81340026855469,129.85513887109062,127.43421918268936,128.12451598324157,109839500
2021-05-03,128.8634033203125,130.35097557067442,128.1731066561789,128.37727305832388,75135100
2021-05-04,124.30351257324219,127.84254787757098,123.18541143255057,127.55086673903944,137564700
2021-05-05,124.54657745361328,126.83138075425876,124.4201788397563,125.6160551149203,84000900
2021-05-06,126.1410903930664,126.15080765787947,123.60348232032891,124.34240242288911,78128300
2021-05-07,126.81309509277344,127.83569086092047,126.1021285936208,127.43639821291805,78973300
2021-05-10,123.54073333740234,126.16055151436144,123.50177596650869,126.03395306208488,88071200
2021-05-11,122.62525939941406,122.97586087179818,119.5671689854115,120.27812799107281,126142800
2021-05-12,119.56716918945312,121.38838724678817,119.06073823482639,120.18073848547931,112172300
2021-05-13,121.70979309082031,122.85900963548862,121.01831640984287,121.32996797634482,105861300
2021-05-14,124.12506103515625,124.55358462246828,122.56680357723657,122.9563697993059,81918000
2021-05-17,122.9758529663086,123.61863839013512,121.90455135695586,123.51150748616402,74244600
2021-05-18,121.59288787841797,123.67705855543517,121.5247143489962,123.25827618031354,63342900
2021-05-19,121.43710327148438,121.66109889559455,119.65484232839697,119.94701893329513,92612000
2021-05-20,123.98871612548828,124.3880235533931,121.83637181336027,121.96298511018756,76857100
2021-05-21,122.15779113769531,124.66074485833978,121.94352929361253,124.48544038866837,79295400
2021-05-24,123.78418731689453,124.60227708622314,122.6544535015974,122.72262702984501,63092900
2021-05-25,123.58943176269531,124.9723924215316,123.02456103094238,124.48542900111524,72009500
2021-05-26,123.54073333740234,124.06664669892854,123.12195088824402,123.64786424977021,56575900
2021-05-27,122.01171112060547,124.3101443543249,121.8169316656909,123.1414527641177,94625600
2021-05-28,121.35916900634766,122.51812660764142,121.30073666690714,122.29412358918856,71311100
2021-06-01,121.03779602050781,122.0798816825308,120.70666946919197,121.81692868180114,67637100
2021-06-02,121.79741668701172,121.97272112169325,120.81377104330335,121.03776661351102,59278900
2021-06-03,120.31708526611328,121.59290756486408,119.91777779316642,121.42734431379967,76229200
2021-06-04,122.60575866699219,122.86871901991061,120.61897765863391,120.83323944831336,75169300
2021-06-07,122.61552429199219,123.02456555539773,121.5734387321586,122.87847726693603,71057600
2021-06-08,123.43359375,125.10873085926178,122.91742162506401,123.2972466766342,74403800
2021-06-09,123.81342315673828,124.41725123885395,123.21933627459374,123.89133789579034,56877900
2021-06-10,122.82003784179688,124.84577650141729,122.65447459192099,123.70629386140669,71186400
2021-06-11,124.02770233154297,124.11535828283353,122.8103122273261,123.22909472039107,53522400
2021-06-14,127.0760269165039,127.13445925571631,123.75499103493249,124.48542499652146,96906500
2021-06-15,126.25794982910156,127.19291187851302,126.01447183152456,126.5501263983375,62746300
2021-06-16,126.75465393066406,127.47535423486387,125.1087549638898,126.96891578162294,91815000
2021-06-17,128.35183715820312,129.09201968074376,126.26766637763058,126.41376207268152,96721700
2021-06-18,127.05656433105469,128.07916002857564,126.84230250511071,127.30004232774398,108953300
2021-06-21,128.8485565185547,128.95568742961305,125.8391720998025,126.90073257983343,79663300
2021-06-22,130.4846954345703,130.58209255634193,128.18626305147518,128.6829675675103,74783600
2021-06-23,130.21202087402344,130.81585637036997,129.75428108226635,130.28020184164183,60214200
2021-06-24,129.92962646484375,131.12753427569476,129.4621379224508,130.9424885852543,68711000
2021-06-25,129.6374053955078,130.3970554405537,129.34522887186355,129.978280483212,70783700
2021-06-28,131.26385498046875,131.72159479819973,129.87116798746578,129.9296003283306,62111300
2021-06-29,132.77342224121094,132.92925172484664,130.84508067855094,131.28333809814853,64556100
2021-06-30,133.3870086669922,133.8252661428457,132.32543317658508,132.6176097807272,63261400
2021-07-01,133.68887329101562,133.74730561970333,132.21825700237508,133.03635418614581,52485800
2021-07-02,136.30874633789062,136.34769628382654,134.15639402212219,134.30247489528134,78852600
2021-07-06,138.31495666503906,139.41546688315523,136.4158316454704,136.4158316454704,108181800
2021-07-07,140.7985076904297,141.11015189740712,138.938331639493,139.79536435422264,104911600
2021-07-08,139.5031280517578,140.30172797997776,137.00016765595169,137.88643093809648,105575500
2021-07-09,141.32435607910156,141.8502619651795,138.92852627188464,139.02592340594762,99890800
2021-07-12,140.73025512695312,142.50278173643568,140.24329922685985,142.39565084398657,76299700
2021-07-13,141.84056091308594,143.61308810901411,139.88300289690474,140.27256180158014,100827100
2021-07-14,145.2589874267578,145.6680435964864,143.8273354148668,144.23639158459537,127050800
2021-07-15,144.6064453125,146.08679566961968,143.25270826705687,145.3466279214185,106820300
2021-07-16,142.57093811035156,145.85301589768642,142.0742484759921,144.58694253237246,93251400
2021-07-19,138.73373413085938,140.3114813657128,137.97408410918416,139.9998224538897,121434600
2021-07-20,142.33726501464844,143.26249351226394,139.2304975157246,139.71745362574492,96350000
2021-07-21,141.6067657470703,142.31773204055827,140.85686438211923,141.73337903289692,74993500
2021-07-22,142.9702606201172,144.33373124740575,142.006082551789,142.13269584600698,77338200
2021-07-23,144.68434143066406,144.84017089255983,143.0871265980212,143.70069581628857,71447400
2021-07-26,145.1031494140625,145.92123190033908,143.84679465375743,144.40193160847764,72434100
2021-07-27,142.9410400390625,145.31738722526956,141.75286644595897,145.22972386851797,104818600
2021-07-28,141.19775390625,143.13584408542147,138.82140631068384,141.0321906538661,118931200
2021-07-29,141.84056091308594,142.72682451105,140.8082164410485,140.91534736894218,56699500
2021-07-30,142.05479431152344,142.51253410621536,140.35044843873504,140.61340882010876,70440600
2021-08-02,141.72364807128906,143.1163348001012,141.46068772656318,142.54173040964227,62880000
2021-08-03,143.5157012939453,144.17795445175804,141.39256498653242,142.00613442329242,64786600
2021-08-04,143.1163330078125,143.93441533592062,142.46381389891334,143.42799191035715,56368300
2021-08-05,143.22349548339844,143.98314564998552,142.35671440302508,143.14558074057953,46397700
2021-08-06,142.54071044921875,143.4868214640887,142.04327662115523,142.74554489782116,54126800
2021-08-09,142.491943359375,143.08692025442784,141.9359896381178,142.59923476284288,48908700
2021-08-10,142.0140380859375,144.0720717018618,141.72142377939727,142.83334623786462,69023100
2021-08-11,142.26763916015625,143.10645895995768,141.94576488875748,142.45296206335397,48493500
2021-08-12,145.22300720214844,145.37907015513477,142.24812227389452,142.58950812317931,72282600
2021-08-13,145.42782592773438,145.7594485046543,144.61826619020815,145.30102293180235,59375000
2021-08-16,147.39810180664062,147.4663849394875,142.86263134674047,144.88164213986906,103296000
2021-08-17,146.490966796875,147.94426000150526,145.41805278817236,146.52997508674613,92229700
2021-08-18,142.75534057617188,147.00795993561067,142.5505060596621,146.11062014748856,86326000
2021-08-19,143.08694458007812,144.35493005036025,140.94113102889904,141.45807654722455,86960300
2021-08-20,144.54022216796875,144.8425847784855,143.16494556886403,143.8086939620168,60549600
2021-08-23,146.02281188964844,146.49098584387335,144.24762936861552,144.65728343893502,60131800
2021-08-24,145.93504333496094,147.14450905669656,145.47661765156835,145.76923200651873,48606400
2021-08-25,144.70608520507812,146.61781948232644,144.15987966385998,146.120370599229,58991300
2021-08-26,143.90628051757812,145.44736901605114,143.87702056810593,144.69634380228402,48597200
2021-08-27,144.94015502929688,145.08645474475415,143.21374397198983,143.84772924961433,55802400
2021-08-30,149.3488311767578,149.70972863585897,144.94991248756867,145.33030665463397,90956700
2021-08-31,148.09059143066406,149.03670255975587,147.56388271808643,148.90015120519527,86453100
2021-09-01,148.7538604736328,151.16302859498964,148.58804915099893,149.06598641010868,80313700
2021-09-02,149.8657989501953,150.90945341746877,148.64658478729757,150.08038183350413,71115500
2021-09-03,150.49978637695312,150.8216606743961,149.3195806196622,149.9730775691431,57808700
2021-09-07,152.83091735839844,153.3868712092461,150.58756059759483,151.1532776856572,82278300
2021-09-08,151.28982543945312,153.1722846868866,150.1876512353804,153.11376479693286,74420200
2021-09-09,150.27542114257812,152.26517148741016,150.15836649901337,151.66044621375175,57305700
2021-09-10,145.30104064941406,151.65070144497142,145.03768627305047,151.1825274626448,140893200
2021-09-13,145.8667449951172,147.69068411470718,145.0864451705449,146.9201475258426,102404300
2021-09-14,144.4719696044922,147.34932639599026,143.2917788504928,146.64705797915482,109296300
2021-09-15,145.35955810546875,145.75946384011283,142.76506733146184,144.9011324843855,83281300
2021-09-16,145.12545776367188,145.301032298818,143.59413289330473,144.78408681235823,68034100
2021-09-17,142.46270751953125,145.15474141357228,142.17009319848557,145.15474141357228,129868800
2021-09-20,139.41952514648438,141.2727239872893,137.7906574556132,140.25834475382314,123478900
2021-09-21,139.89747619628906,141.03867353306788,139.2634909051742,140.38516176883357,75834000
2021-09-22,142.2578582763672,142.82356032742504,140.1608018149043,140.8923300236282,76404300
2021-09-23,143.2137451171875,143.457587900221,142.0530510886709,143.03817057425258,64838200
2021-09-24,143.30152893066406,143.83798604484667,141.97502355876833,142.07256662788618,53477900
2021-09-27,141.78970336914062,142.36518367517027,140.2778899497781,141.8872464401241,74150700
2021-09-28,138.41494750976562,141.1849984849811,138.20036462885602,139.72194150586213,108972300
2021-09-29,139.31228637695312,140.89238314094982,138.531986350207,138.96115210906663,74602000
2021-09-30,138.01499938964844,140.8240726910163,137.80041657451724,140.12180436567434,89056700
2021-10-01,139.13665771484375,139.40001203413104,135.68385115865894,138.40512951469634,94639600
2021-10-04,135.71310424804688,138.70750000671873,134.86453634124737,138.26857120239484,98322000
2021-10-05,137.63461303710938,138.73678711480215,135.9277136552574,136.0545166576062,80861100
2021-10-06,138.50271606445312,138.6490157972431,134.9621137010957,136.03502801816884,83221100
2021-10-07,139.7609100341797,140.66801284222436,139.2049562794912,139.53657886179528,61732700
2021-10-08,139.3805389404297,140.62901288949595,139.04891630336158,140.48271316225515,58773200
2021-10-11,139.29273986816406,141.24348200456123,138.31736879996546,138.76604603984862,64452200
2021-10-12,138.02476501464844,139.72191616043952,137.56633938704366,139.7024045703548,73035900
2021-10-13,137.4395751953125,137.91749761325408,135.77168370267864,137.7614495143466,78762700
2021-10-14,140.21932983398438,140.33638447460456,138.02474508035556,138.6099736345154,69907100
2021-10-15,141.2727508544922,141.3312707409973,139.97550546602724,140.22911148485912,67940300
2021-10-18,142.94064331054688,143.22349439217342,139.63413574665708,139.91698682828363,85589200
2021-10-19,145.09622192382812,145.4961277086073,142.94065979384268,143.38932223477877,76378900
2021-10-20,145.5838623046875,146.0617994269622,144.47194001956103,145.037656955219,58418800
2021-10-21,145.79844665527344,145.95450958049068,144.22809881735165,145.14494989927837,61421000
2021-10-22,145.02793884277344,146.481232332848,144.97916730862042,146.0033099939033,58883400
2021-10-25,144.97918701171875,145.69120388157359,143.98430413512364,145.0181953145529,50720600
2021-10-26,145.64242553710938,147.12497895180522,145.34004798248478,145.6521738906202,60893400
2021-10-27,145.18399047851562,146.04230690415662,144.83285629616836,145.68142436893194,56094900
2021-10-28,148.8123779296875,149.39759166799496,146.03256430303534,146.1301073675776,100077900
2021-10-29,146.11058044433594,146.24713179057537,142.80407331191392,143.59412144965486,124953200
2021-11-01,145.29129028320312,146.01305539533712,144.15985619885288,145.3205502265068,74588300
2021-11-02,146.32516479492188,147.83699285465968,144.98889637520205,144.9986596105235,69122000
2021-11-03,147.75897216796875,148.22714612515688,146.1301042293714,146.68605801297326,54511500
2021-11-04,147.24203491210938,148.6758168059769,146.92990900121129,147.84676026074618,60394600
2021-11-05,147.76947021484375,148.6681193629179,146.57777973692555,148.36531545380285,65463900
2021-11-08,146.94900512695312,148.0527879681065,146.67550378830177,147.89649723038997,55020900
2021-11-09,147.3103790283203,147.91598686060686,146.57778313905698,146.7145337755314,56787900
2021-11-10,144.4874725341797,146.64619541359409,144.41910465453822,146.53874739869644,65187100
2021-11-11,144.43861389160156,145.96241109507744,144.25302053135974,145.50333134171993,41000000
2021-11-12,146.5094451904297,146.9099196974308,144.0576809080353,144.9856329096499,63804000
2021-11-15,146.51919555664062,148.3555742437889,145.9624154592678,146.88060480284193,59222800
2021-11-16,147.49595642089844,147.97459104914827,145.87447411755394,146.46055672746397,59256200
2021-11-17,149.92819213867188,151.4031464578267,147.4862059054811,147.4959684847215,88807000
2021-11-18,154.2065887451172,154.9880275581461,149.49844560723523,150.14313374583702,137827700
2021-11-19,156.82437133789062,157.28346597858675,152.89765298958213,153.9916581394781,117305600
2021-11-22,157.28347778320312,161.8548695638248,157.26393771700205,157.9281509208038,117467900
2021-11-23,157.66444396972656,158.04539332554327,155.36897034832776,157.38116514595987,96041900
2021-11-24,158.18211364746094,158.37746957878764,155.93548317544833,157.01972573471906,69463600
2021-11-26,153.17115783691406,156.72668956141257,152.73160325073675,155.86712045424656,76959800
2021-11-29,156.52159118652344,157.44954318891868,155.10522691977297,155.67176964553224,88748200
2021-11-30,161.46417236328125,161.67906839694083,156.2090119296681,156.2773947152438,174048100
2021-12-01,160.9464874267578,166.34816161455686,160.71205130315363,163.59359305485575,152052500
2021-12-02,159.95985412597656,160.38964606969503,154.1381675375188,155.05635670733542,136739200
2021-12-03,158.08444213867188,161.13205157338396,156.01364225594332,160.21386222018816,118023100
2021-12-06,161.48370361328125,163.98429560873123,160.4678287996897,160.47759138079394,107497000
2021-12-07,167.20770263671875,167.598429443289,164.4336093812365,165.15644279486372,120405400
2021-12-08,171.01724243164062,171.87682666062753,166.73887626153672,168.13570063364043,116998900
2021-12-09,170.50927734375,172.6484600825667,169.8841293433167,170.85116144440897,108923700
2021-12-10,175.2857666015625,175.46159735855395,170.6362302385688,171.14416754190958,115402700
2021-12-13,171.6619110107422,177.90362873179458,171.45677755961725,176.91705651666257,153237000
2021-12-14,170.2845916748047,173.61546458889217,168.21379204713816,171.18324085105056,139380400
2021-12-15,175.13929748535156,175.33465344975855,168.31149697974806,171.04652519555987,131063300
2021-12-16,168.26266479492188,176.93660728082307,166.78771003091353,175.11976837917365,150185800
2021-12-17,167.16867065429688,169.44460445182293,165.75232109747262,165.98674232333192,195432700
2021-12-20,165.81088256835938,166.62162387110183,163.57402950297322,164.374993320752,107499100
2021-12-21,168.97573852539062,169.18085708761444,165.19553249835857,167.5789142050935,91185900
2021-12-22,171.56423950195312,171.77913555211592,168.15522025592128,169.02456703895956,92135300
2021-12-23,172.18934631347656,172.74612637491737,171.20278915942293,171.76933180091095,68356600
2021-12-27,176.1453857421875,176.2332936859138,172.96104046356876,172.9805656257053,74919600
2021-12-28,175.1295166015625,177.12218615208815,174.38715798933583,175.9793381325386,79144300
2021-12-29,175.21742248535156,176.43841575185178,174.0061917992903,175.16857977375096,62348900
2021-12-30,174.0648193359375,176.379833000267,173.95737131856603,175.30535282655248,59773000
2021-12-31,173.44940185546875,175.07086935429706,173.14658304866205,173.9573242504266,64062300
2022-01-03,177.78639221191406,178.6362137085352,173.58618706197944,173.70339765267045,104487900
2022-01-04,175.5299835205078,178.69480333397306,174.96344087400894,178.39199939810527,99310400
2022-01-05,170.8609161376953,175.9890879826122,170.587414831676,175.4420853705736,94537600
2022-01-06,168.0086669921875,171.23209207239668,167.65702034880644,168.6924202141222,96904000
2022-01-07,168.1747283935547,170.09901499255682,167.06118311991872,168.8780217142409,86709100
2022-01-10,168.19427490234375,168.4970788622131,164.2675561955421,165.1564429133354,106765600
2022-01-11,171.01724243164062,171.11491297284869,166.85610177757536,168.32129403805408,76138300
2022-01-12,171.45680236816406,173.06850794205806,170.76328635698084,172.03310776443337,74805200
2022-01-13,168.19427490234375,172.52146809219963,167.80354809549323,171.70096415486904,84505800
2022-01-14,169.05384826660156,169.7473640846977,167.1197842307582,167.36398288031089,80440800
2022-01-18,165.8597412109375,168.53614912039677,165.47879187832885,167.53005178287384,90956700
2022-01-19,162.37255859375,167.11001826086033,162.08929472408371,166.0550783276264,94815000
2022-01-20,160.69247436523438,165.74250066133902,160.3701303584997,163.10515822088573,91420500
2022-01-21,158.64122009277344,162.470253269675,158.5337720868401,160.60457194151562,122848900
2022-01-24,157.86956787109375,158.53379607319022,151.11014976934194,156.30670516297684,162294600
2022-01-25,156.0722198486328,158.98306320756222,153.37627246633923,155.2907812885663,115798400
2022-01-26,155.98435974121094,160.57529219502064,154.15775828454986,159.70594544292626,108275300
2022-01-27,155.5252227783203,160.0380086364196,154.60703355591713,158.68026486629398,121954600
2022-01-28,166.37745666503906,166.3969967339565,159.02219316405643,161.86466955096992,179935700
2022-01-31,170.72415161132812,170.9390476064095,165.57644011866424,166.2113655240236,115541600
2022-02-01,170.55809020996094,170.78274877423786,168.31145985308757,169.97200754131524,86213900
2022-02-02,171.75953674316406,171.7986168687593,169.30778797894317,170.69483434355706,84914300
2022-02-03,168.88780212402344,172.15030783567607,168.125903430298,170.4311395793071,89418100
2022-02-04,168.6041717529297,170.27662529840396,166.93171820745542,167.90975737649003,82465400
2022-02-07,167.8902130126953,170.1299162190593,167.19579861278513,169.0638570704662,77251200
2022-02-08,170.9905548095703,171.49913925228722,167.6652133594248,167.95862803498034,74829200
2022-02-09,172.4087371826172,172.77060688626915,171.05903840340724,172.18379236064646,71285000
2022-02-10,168.34005737304688,171.62626880440877,167.78258293824175,170.31570020808385,90865900
2022-02-11,164.9365234375,169.27901969811438,164.34969397169522,168.545490327705,98670700
2022-02-14,165.1712646484375,165.8558891027738,162.9022065441299,163.69441590726865,86185500
2022-02-15,168.99537658691406,169.1518664311418,166.5111637354937,167.2153531108256,62527400
2022-02-16,168.76063537597656,169.5332796330186,166.31553783336227,168.07601104878276,61177400
2022-02-17,165.1712646484375,168.1347222265384,164.7702649952927,167.27404295611913,69589300
2022-02-18,163.62596130371094,166.79479876362558,162.54033719370844,166.0906242687398,82772700
2022-02-22,160.7113800048828,163.02932772220805,158.58902218443671,161.35687442039574,91162800
2022-02-23,156.5547332763672,162.50119815168253,156.241753586249,161.90459367562613,90009200
2022-02-24,159.16610717773438,159.27369208830245,148.66196063900136,149.22922517438823,141147500
2022-02-25,161.2297821044922,161.4938419663862,157.33717500506495,160.24195287546036,91974200
2022-02-28,161.49383544921875,161.7872502076219,158.8629074909049,159.47907699118204,95056600
2022-03-01,159.61598205566406,162.94132403155473,158.41299811175085,161.08304074169718,83474400
2022-03-02,162.9022216796875,163.68465609606667,159.37149924746353,160.77987821220702,79724800
2022-03-03,162.5794219970703,165.2005743290728,161.9143626273284,164.77023477279693,76678400
2022-03-04,159.58665466308594,161.91439273743828,158.54016047816125,160.87767357199544,83737200
2022-03-07,155.8016357421875,161.3960207362876,155.54733601828758,159.7724722055909,96418800
2022-03-08,153.98248291015625,159.30301816152476,152.37849933499598,155.33218168421902,131148300
2022-03-09,159.37149047851562,159.82139509337992,155.90923815043413,157.9337716080875,91454900
2022-03-10,155.03875732421875,156.86768560681452,152.55452973284972,156.68185579600046,105342000
2022-03-11,151.33200073242188,155.78208206231224,151.10705589580672,155.4397623739769,96970100
2022-03-14,147.31227111816406,150.7354085874783,146.80370143921206,148.12404550887342,108732100
2022-03-15,151.68408203125,152.1535515492418,147.0775261791108,147.58609577139651,92964300
2022-03-16,156.08526611328125,156.48626575095446,151.06793536575267,153.60105321090987,102300200
2022-03-17,157.09262084960938,157.46428044860957,154.16829376386883,155.12676781405298,75615400
2022-03-18,160.3788299560547,160.86784945274542,156.25150421008976,156.98503345512586,123511700
2022-03-21,161.7480926513672,162.69679166385907,159.43013010111937,159.91914959524135,95811400
2022-03-22,165.112548828125,165.69936326568208,161.28841281006214,161.8752272476192,81532000
2022-03-23,166.47203063964844,168.84865833026834,163.9682381752626,164.30078278901993,98062700
2022-03-24,170.24729919433594,170.31575418142768,166.47206709718986,167.30339150441574,90131400
2022-03-25,170.8830108642578,171.43071043053845,168.95627243907444,170.06146151483682,80546200
2022-03-28,171.74366760253906,171.87080253422522,168.22272096176943,168.38898581373743,90371900
2022-03-29,175.02989196777344,175.0787819860724,172.46741925958432,172.8097389298353,100589400
2022-03-30,173.86599731445312,175.6655854938626,172.8194884204446,174.62886654102215,92633200
2022-03-31,170.77540588378906,174.120297776475,170.5700111087268,173.93446796182153,103049300
2022-04-01,170.4820098876953,171.0394993928561,168.1640617684755,170.20816010667752,78751300
2022-04-04,174.5213165283203,174.57022147286082,170.60915974417932,170.73630961524591,76468400
2022-04-05,171.2155303955078,174.38438259894033,170.58958593943765,173.60194829792937,73401800
2022-04-06,168.05645751953125,169.81693085468368,166.39379406221198,168.57481703992445,89058800
2022-04-07,168.35964965820312,169.55285855113002,166.11994669119974,167.4011755212215,77594700
2022-04-08,166.35470581054688,168.0075946635794,165.4842514050896,168.0075946635794,76575500
2022-04-11,162.1099853515625,165.31795249524248,161.8654755697351,165.00498773482366,72246700
2022-04-12,163.97804260253906,166.13950070260202,162.9804385205217,164.33013728303388,79265200
2022-04-13,166.65786743164062,167.28381189911025,163.10759541750994,163.7139749230824,70618900
2022-04-14,161.66006469726562,167.50874884154206,161.41555493977322,166.87301451784703,75329400
2022-04-18,161.44496154785156,162.94136054907463,159.97790253302927,160.32020734893686,69023900
2022-04-19,163.72373962402344,164.13452917950872,160.31039271090148,161.3960167105301,67723800
2022-04-20,163.5574951171875,165.17126878968486,162.45232094308298,165.05389393478876,67929800
2022-04-21,162.76527404785156,167.7630547165198,162.266479452362,165.20059691129774,87227800
2022-04-22,158.23695373535156,164.18343379206294,157.95332893712188,162.80440987833427,84882400
2022-04-25,159.30300903320312,159.58663379803306,154.9800781201004,157.58165071304833,96046400
2022-04-26,153.35653686523438,158.77486701882205,153.2782919448604,158.68684707978605,95623200
2022-04-27,153.131591796875,156.28086402556207,151.96772285920957,152.48608239761126,88063200
2022-04-28,160.04637145996094,160.9070509325013,155.43979918595625,155.75277896640634,130216800
2022-04-29,154.18785095214844,162.55008785176082,153.7966412998766,158.28583697775457,131747600
2022-05-02,154.49105834960938,154.75511815394006,149.9040527150275,153.26850950984627,123055300
2022-05-03,155.9776611328125,157.18065989099466,152.88706912402677,154.67686742533908,88966500
2022-05-04,162.37405395507812,162.8239435793619,155.76250015329012,156.16349976201118,108256500
2022-05-05,153.3272247314453,160.47668960295778,151.5471860479713,160.25174474333807,130525300
2022-05-06,154.05201721191406,156.16768941381943,151.01563498071906,152.80807823964273,116124600
2022-05-09,148.9391326904297,152.63176175523802,148.38083908771665,151.75022430191655,131577900
2022-05-10,151.33883666992188,153.52307898712107,149.7912627423493,152.32811702969943,115366700
2022-05-11,143.49325561523438,152.25956414663153,142.81741468212965,150.3495886480442,142689800
2022-05-12,139.63414001464844,143.1994331763469,135.95131447864176,139.83983661531016,182602000
2022-05-13,144.09072875976562,145.06041547307086,140.17282438448345,141.6224448185645,113990900
2022-05-16,142.5529327392578,144.49230601105745,141.22084476017127,142.56273706460962,86643800
2022-05-17,146.17703247070312,146.69615365751025,143.66956086149628,145.80482673464496,78336300
2022-05-18,137.9298553466797,144.33562356857507,137.02872402723415,143.83609605190958,109742900
2022-05-19,134.5310516357422,138.7525913397019,133.7964445425997,137.00912503429328,136095600
2022-05-20,134.76608276367188,137.81225334878067,129.88829706526903,136.23529658390538,137426100
2022-05-23,140.17283630371094,140.31975175202894,134.82488980062982,134.96201586760006,117726300
2022-05-24,137.479248046875,139.0562049598391,134.51143704695141,137.92000924521287,104132700
2022-05-25,137.63601684570312,138.87994101283223,135.5007506936718,135.58889997563415,92482700
2022-05-26,140.82904052734375,141.3775446276635,134.32532129598022,134.57019026545265,90601500
2022-05-27,146.56881713867188,146.6079896103765,142.27870662441157,142.4060433122878,90978500
2022-05-31,145.7852325439453,147.56788638378129,143.82628016379354,146.01052282850958,103718400
2022-06-01,145.6579132080078,148.62572491730577,144.6490389655957,146.8234773391278,74286600
2022-06-02,148.10658264160156,148.16534881431244,143.84585577263883,144.7959487531145,72348100
2022-06-03,142.39625549316406,144.93309527765794,141.49513917786348,143.88504856420633,88570300
2022-06-06,143.14065551757812,145.5207905259265,141.9260996131152,144.01238876362018,71598400
2022-06-07,145.6579132080078,145.94195473174813,141.14252729935507,141.3873963509184,67808200
2022-06-08,144.9232940673828,146.79408210793065,144.4335560047601,145.5305644824367,53950200
2022-06-09,139.7124786376953,144.91349464755012,139.60473566244548,144.06135517233236,69473000
2022-06-10,134.31556701660156,137.87105521943323,134.24699651333503,137.40091085996173,91437900
2022-06-13,129.17327880859375,132.42513083188678,128.7423070468719,130.14295032685266,122207100
2022-06-14,130.03529357910156,131.1421067966539,128.78156486613307,130.39771004383672,84784300
2022-06-15,132.65045166015625,134.52125474775525,129.4475753177957,131.5338494146611,91533000
2022-06-16,127.39067840576172,129.67285985675707,126.39160844816745,129.36922461121898,108123900
2022-06-17,128.85989379882812,130.34870189215334,127.14581035148301,127.40048374314352,134520300
2022-06-21,133.08143615722656,134.24701531100777,130.58378362269173,130.68172228241795,81000500
2022-06-22,132.5721435546875,134.93267044174033,131.16169507465415,132.02362418807766,73409200
2022-06-23,135.43214416503906,135.74556869818326,132.8463282477274,134.01190702274286,72433800
2022-06-24,138.75257873535156,138.99744774415504,136.901369626622,137.02869134817942,89116800
2022-06-27,138.75257873535156,140.5450216732672,138.07673787975503,139.77122723590202,70207900
2022-06-28,134.61920166015625,140.47646473111445,134.50166930718802,139.21294709984699,67083400
2022-06-29,136.3724365234375,137.78288432606877,133.86498040570075,134.63877479951915,66242400
2022-06-30,133.9139862060547,135.53011594509118,131.0245344279122,134.43310739232075,98964500
2022-07-01,136.0786590576172,136.18640206734364,132.87578175557888,133.24797265184984,71051600
2022-07-05,138.65463256835938,138.70360936186282,134.1196535002059,134.94242477245444,73353800
2022-07-06,139.98672485351562,141.16209320483665,138.18449238511542,138.44895512148898,74064300
2022-07-07,143.3463134765625,143.5422056804672,140.33931508968487,140.3491044689141,66253700
2022-07-08,144.0221710205078,144.5217134378149,142.02404618814074,142.27870461467543,64547800
2022-07-11,141.89671325683594,143.63039032716094,140.8290877786715,142.68029721118097,63141600
2022-07-12,142.86639404296875,145.40323372369386,142.07302074051665,142.76844044820817,77588800
2022-07-13,142.5039825439453,143.44427122627144,139.2031379384123,140.0552923046931,71185600
2022-07-14,145.42282104492188,145.8929653987599,140.30995449187216,141.12292146669557,78140700
2022-07-15,147.08792114257812,147.7637620290884,145.15835206929646,146.70592606919652,76259900
2022-07-18,144.05157470703125,148.4592176926782,143.68915834296686,147.64625063740658,81420900
2022-07-19,147.90087890625,148.1261542059037,143.89482557447934,144.88409097349603,82982400
2022-07-20,149.89903259277344,150.56508418725386,147.28383290571463,148.01844006316782,64823400
2022-07-21,152.16162109375,152.3771070356204,148.821603940378,151.32906041419434,65086600
2022-07-22,150.92745971679688,153.0725146399616,150.26142318216912,152.20078156045275,66675400
2022-07-25,149.81088256835938,151.85798424989775,149.1546353044719,150.849124954379,53623900
2022-07-26,148.48858642578125,149.94799628582763,147.70500253719806,149.13502930916428,55138700
2022-07-27,153.57203674316406,154.10096215711584,149.0370729884084,149.44845111836102,78620700
2022-07-28,154.12057495117188,154.40461645264705,151.24091273921562,153.7581586202447,81378700
2022-07-29,159.1746826171875,160.27170619819887,156.226464436767,157.93075852013737,101786900
2022-08-01,158.1951904296875,160.2325026515257,157.58791998844677,157.7054523459462,67829400
2022-08-02,156.72598266601562,159.07673453265352,156.35379186998745,156.81414688340993,59907000
2022-08-03,162.72035217285156,163.1709027619496,157.450766526114,157.53891577890045,82507500
2022-08-04,162.40695190429688,163.7586338892835,161.05526991931026,162.6028441618955,55474100
2022-08-05,162.18136596679688,162.67178435198056,159.876393569881,160.08237587686597,56697000
2022-08-08,161.7105255126953,164.59418751238474,161.0533667864172,163.18178041324063,60276900
2022-08-09,161.75958251953125,162.6423445061743,160.1215870695177,160.8768354992681,63135500
2022-08-10,165.99681091308594,166.09488560468589,163.70164162721542,164.46669306704544,70170500
2022-08-11,165.2611846923828,167.71327649760102,164.9669306824805,166.8010905635419,57149200
2022-08-12,168.802001953125,168.87065273956517,166.1537308916434,166.56569547580565,68039400
2022-08-15,169.87110900878906,170.06727335382837,168.0663730882192,168.2331135298216,54091700
2022-08-16,169.7141571044922,170.38113378052608,168.37041574061854,169.4689479524639,56377100
2022-08-17,171.20504760742188,172.7743773350279,169.26299514755854,169.45915949271176,79542000
2022-08-18,170.81265258789062,171.5482798857995,169.8023922960725,170.42032401555616,62290100
2022-08-19,168.23312377929688,170.4105825645676,168.02714147630917,169.71418188591318,70346300
2022-08-22,164.35879516601562,166.6049043800519,163.9370276482697,166.43816395511286,69026800
2022-08-23,164.02529907226562,165.4769480040651,163.4564120530002,163.87817957003261,54147100
2022-08-24,164.31959533691406,164.8884825026039,163.0641253734546,164.11362798077442,53841500
2022-08-25,166.77166748046875,166.87956011908489,165.1238689631101,165.5456215718219,51218200
2022-08-26,160.4844970703125,167.77212157949262,160.42564926256463,167.30132415112922,78961000
2022-08-29,158.28744506835938,159.77830620497173,156.7573420791942,158.0618418321346,73314000
2022-08-30,155.86476135253906,159.44480926961938,154.6975633016655,159.02305667853338,77906200
2022-08-31,154.20712280273438,157.5027341926007,154.12865408316875,157.23790413486398,87991100
2022-09-01,154.9329376220703,155.38411402360973,151.70597720803465,153.6382262791269,74229900
2022-09-02,152.82415771484375,157.286967514474,152.00025851175562,156.6886565527691,76957800
2022-09-06,151.56871032714844,154.07965015411935,150.74481100262022,153.47153612406976,73714800
2022-09-07,152.9713134765625,153.6676992214009,150.66634101658914,151.85316012640948,87449600
2022-09-08,151.50003051757812,153.36361410419434,149.75412756943635,151.6765739248584,84923800
2022-09-09,154.35426330566406,154.79565178409123,151.78447599724632,152.49067960307377,68028800
2022-09-12,160.2981414794922,161.11223777090294,156.24729591423596,156.53173198406338,104956000
2022-09-13,150.8918914794922,157.46349338077283,150.43089710301157,156.8357585865151,122656600
2022-09-14,152.33370971679688,154.0894153787575,150.66629071155694,151.82367056195963,87965400
2022-09-15,149.4500732421875,152.26508456095567,148.47905455230304,151.6863795720259,90481100
2022-09-16,147.8120574951172,148.4496101996778,145.52670665510445,148.31229368839013,162278800
2022-09-19,151.5196533203125,151.5981220543988,146.24276190884032,146.44872924023372,81474200
2022-09-20,153.8932647705078,155.05065980282333,150.14647654096675,150.4603364872082,107689800
2022-09-21,150.77423095703125,155.6980357811973,150.65653533272163,154.32485530993193,101696800
2022-09-22,149.81295776367188,151.50980055233305,148.01802534804153,149.45985605950892,86652500
2022-09-23,147.54725646972656,148.5673350111051,145.7130966439831,148.29270193451399,96029900
2022-09-26,147.88072204589844,150.82323152103234,146.77237202102398,146.79199294144382,93339400
2022-09-27,148.85177612304688,151.75505941669135,147.07646404392761,149.81300689014782,84442700
2022-09-28,146.96859741210938,147.75326992489508,142.06441291517794,144.81075922673622,146691400
2022-09-29,139.7495880126953,143.90834038923484,137.9840792223541,143.3002265150421,128138200
2022-09-30,135.5516357421875,140.35774479295515,135.35547138562947,138.5726147256006,124925300
2022-10-03,139.7201690673828,140.32829792951577,135.05139229305564,135.5614315097669,114311700
2022-10-04,143.30020141601562,143.4178969926313,141.49545109844763,142.2506993032743,87830100
2022-10-05,143.59449768066406,144.55572849466822,140.26946161653336,141.30916116839794,79471000
2022-10-06,142.64309692382812,144.712663290669,142.43712956504083,143.0158197187154,68402200
2022-10-07,137.40542602539062,140.35775442140775,136.77769106151405,139.80847323243142,85925600
2022-10-10,137.72906494140625,139.17089585032406,135.91452632499212,137.72906494140625,74899000
2022-10-11,136.316650390625,138.64124303543636,135.57122005048993,137.21901816017072,77033700
2022-10-12,135.68896484375,137.67025945099226,135.51242139642648,136.46383432846753,70433700
2022-10-13,140.2498321533203,140.83832513907973,131.79501040391918,132.40313927882985,113224000
2022-10-14,135.72817993164062,141.75051634248345,135.5418185741853,141.54453406151188,88598000
2022-10-17,139.6809539794922,140.16155437004147,137.5819641011487,138.36663643162046,85250900
2022-10-18,140.99525451660156,143.8887193551449,137.91542833833753,142.70191550699425,99136600
2022-10-19,141.1031951904297,142.1723038055395,138.78841953799576,138.974780941184,61758300
2022-10-20,140.64218139648438,143.0942732786787,139.91635681145763,140.27927658716155,64522000
2022-10-21,144.44781494140625,145.0167019837592,139.916339525803,140.13212478208789,86548600
2022-10-24,146.5860595703125,147.35111109163424,143.20217553886908,144.36937374781388,75981900
2022-10-25,149.420654296875,149.56778877679034,146.4977652190575,147.21377179556336,74732300
2022-10-26,146.4879913330078,149.0774000501519,145.20308247196704,148.06713927955596,88194300
2022-10-27,142.025146484375,146.1937021462339,141.36798774070627,145.23248644302674,109180200
2022-10-28,152.7555389404297,154.48180643716302,144.98731275555542,145.36002058759684,164762400
2022-10-31,150.40150451660156,151.2842665764986,149.0087181195706,150.22496108445085,97943200
2022-11-01,147.76304626464844,152.47106552613408,146.27218522217615,152.10816072803473,80379300
2022-11-02,142.25074768066406,149.25392123210702,142.2213237765035,146.0956258102425,93604600
2022-11-03,136.21861267089844,140.0634909361085,136.09109910411752,139.33766635298934,97918500
2022-11-04,135.9533233642578,140.16808578570755,132.02346880241154,139.59825507529519,140814800
2022-11-07,136.48387145996094,136.70983394000362,133.29086405936027,134.70561435237354,83374600
2022-11-08,137.05369567871094,138.9498435557623,135.0789489012502,137.94774130575934,89908500
2022-11-09,132.5048828125,136.12035725287217,132.2297941583769,136.07123106652006,74917800
2022-11-10,144.2944793701172,144.2944793701172,137.05372466357315,138.7632173787933,118854000
2022-11-11,147.07479858398438,147.37935990276293,141.83826577346156,143.26284999283982,93979700
2022-11-14,145.6797332763672,147.64466090619808,144.8446330372058,146.35763570725214,73374100
2022-11-15,147.40887451171875,150.8966242970365,145.95483216140596,149.55065357357725,89868300
2022-11-16,146.18080139160156,147.2418642338074,144.707105498184,146.51485052076237,64218300
2022-11-17,148.07693481445312,148.82360185357618,143.58706836561342,143.86215701114332,80389400
2022-11-18,148.63694763183594,150.0222252429551,147.3401031595605,149.6390649453273,74829600
2022-11-21,145.41444396972656,147.73305885560603,145.12953609848137,147.52674987775407,58724100
2022-11-22,147.54638671875,147.7821833963105,144.353379792247,145.5323481888436,51804100
2022-11-23,148.4207763671875,149.16744327173927,146.7211036243146,146.82917521495273,58301400
2022-11-25,145.51272583007812,146.26922721502757,144.54008119228595,145.70921560778717,35195900
2022-11-28,141.69091796875,144.06847835661756,140.86565204725017,142.59478278627932,69246000
2022-11-29,138.6943817138672,142.27054854346483,137.88876937413374,141.75966328460675,83763800
2022-11-30,145.43411254882812,146.11201495746124,138.0852876520207,138.92037287256267,111380900
2022-12-01,145.7091827392578,146.51481013470644,144.03899751867118,145.61094536816785,71250400
2022-12-02,145.21795654296875,145.4046270438478,143.09583136119605,143.40040769964443,65447400
2022-12-05,144.0586700439453,148.27343309869434,143.21375058654476,145.17867816271277,68826400
2022-12-06,140.4038848876953,144.71689974436399,139.43124046996064,144.49093730068225,64727200
2022-12-07,138.46844482421875,140.85582456681212,137.54492649061714,139.69652452502783,69721100
2022-12-08,140.1484832763672,141.00323714839539,138.62567607289063,139.86357531316506,62128300
2022-12-09,139.66705322265625,143.01725827820258,138.42913927736055,139.84388950557997,76097000
2022-12-12,141.9561767578125,141.96599599737974,138.58631867677312,140.19755844692216,70462700
2022-12-13,142.9189910888672,147.34007759813417,141.71056497387187,146.87831847453648,93886200
2022-12-14,140.6986541748047,144.08815144991274,138.68460028950005,142.80112620848055,82291200
2022-12-15,134.10629272460938,139.3133532425607,133.6445335943197,138.63545090272245,98931900
2022-12-16,132.1511993408203,135.23613504981998,131.38487878191776,134.2929782040358,160156900
2022-12-19,130.04873657226562,132.82911109974094,129.01716151047765,132.74069295008061,79592600
2022-12-20,129.97994995117188,130.91328746393052,127.61220884643005,129.08590439011405,77432800
2022-12-21,133.07472229003906,134.41087369361549,130.42207295695286,130.64803543949063,85928000
2022-12-22,129.91116333007812,132.20030541745464,128.01501569466643,131.9939964474779,77852100
2022-12-23,129.5476531982422,130.09783042542833,127.36658276817921,128.62413499923468,63814900
2022-12-27,127.749755859375,129.10556058535423,126.46273078933113,129.07608787315525,69007800
2022-12-28,123.82972717285156,128.73221899747332,123.66271014073895,127.39606774936588,85438400
2022-12-29,127.33712768554688,128.19186635387044,125.49009852746012,125.74553370652504,75703700
2022-12-30,127.6515121459961,127.67116561919678,125.19536018378078,126.15817798931155,77034200
2023-01-03,122.8767318725586,128.60448941700523,121.9925130634904,127.99536673400503,112117500
2023-01-04,124.14411163330078,126.40378110334795,122.88655931785308,124.66481618620305,89113600
2023-01-05,122.82760620117188,125.5293813261351,122.57217104073682,124.90060516942826,80962700
2023-01-06,127.34695434570312,128.00520329992693,122.699904718632,123.80026688503307,87754700
2023-01-09,127.86768341064453,131.0705256401885,127.61224816786576,128.18207908595156,70790800
2023-01-10,128.43746948242188,128.958174020526,125.87323874198964,127.9757103650532,63896200
2023-01-11,131.1490936279297,131.1687321095965,128.17222961380043,128.94836939344688,69458900
2023-01-12,131.0704803466797,131.90556546211644,129.1350257391296,131.53223946571177,71379600
2023-01-13,132.39682006835938,132.55401787873402,129.35119119619432,129.71469801537842,57809700
2023-01-17,133.55613708496094,134.88245427698436,131.77787992946924,132.4656016206527,63646600
2023-01-18,132.8389434814453,136.17931456809228,132.66209219338052,134.4207108763407,69672800
2023-01-19,132.8978729248047,133.86068318245066,131.4241773301355,131.72873868777404,58280400
2023-01-20,135.4522705078125,135.59964906296133,131.86628386729487,132.90769302903612,80223600
2023-01-23,138.63551330566406,140.80676561847474,135.48179686766017,135.6979401744997,81760300
2023-01-24,140.03054809570312,140.64950501564115,137.83965827143598,137.84947751147084,66435100
2023-01-25,139.372314453125,139.93231102042415,136.37579688239575,138.41932337339787,65799300
2023-01-26,141.43551635742188,141.72042430582104,139.4116280346841,140.65936144448216,54105100
2023-01-27,143.3709259033203,144.64813175929368,140.57091324840124,140.64951214628343,70555800
2023-01-30,140.4923095703125,142.9975950119405,140.34494601130174,142.41794502488958,64015300
2023-01-31,141.7596893310547,141.80881551729502,139.78494257033407,140.19757555057984,65874500
2023-02-01,142.87973022460938,144.03904552300298,138.84181763550876,141.44534120076577,77663600
2023-02-02,148.17520141601562,148.52887400177488,145.57166328269082,146.28885767804982,118339000
2023-02-03,151.79067993164062,154.62018089842738,145.2376471989092,145.4341369902227,154357300
2023-02-06,149.0692138671875,150.41519933800663,148.1358763450209,149.8944947732861,69858300
2023-02-07,151.9380340576172,152.5078649107581,147.9983592694092,147.9983592694092,83322600
2023-02-08,149.25588989257812,151.8692470443083,148.51904208604415,151.18152542311802,64120100
2023-02-09,148.22430419921875,151.62363543992853,147.782198500911,151.0832773681269,56007100
2023-02-10,148.58836364746094,148.9130734935689,146.8270751036462,147.0632318137508,57450700
2023-02-13,151.38284301757812,151.78625678187208,148.49982115470684,148.52933886882354,62199000
2023-02-14,150.74327087402344,151.3041375201495,148.44079888424892,149.68058802933567,61707600
2023-02-15,152.83912658691406,153.00639866157246,150.42841784233283,150.6547253534473,65573800
2023-02-16,151.2450714111328,153.82305157694913,150.8908438680814,151.04826665403036,68167900
2023-02-17,150.1036834716797,150.54646418705764,148.43094798353164,149.90689371085574,59144100
2023-02-21,146.0989532470703,148.87373860585663,146.0300835825423,147.79137232815333,58867200
2023-02-22,146.5220489501953,147.54536466728035,144.80011234851025,146.4826819914061,51011300
2023-02-23,147.00418090820312,147.92910925221886,144.8788305804024,147.6831183102613,48394200
2023-02-24,144.35731506347656,144.82961341599875,143.3831856356865,144.75089452156274,55469600
2023-02-27,145.5479278564453,146.7778826433076,145.08546365545737,145.3413038601465,44998500
2023-02-28,145.04611206054688,146.68932985809187,144.47541123636594,144.69188448050687,50547000
2023-03-01,142.97976684570312,144.8689754008769,142.68457472462396,144.47539591550134,55479000
2023-03-02,143.57017517089844,144.35734928778834,141.59239813777418,142.0647116163666,52238100
2023-03-03,148.60806274414062,148.68678165578146,144.96739941181147,145.66600535471582,70732300
2023-03-06,151.36317443847656,153.7935665673354,150.9991125857975,151.32380747304748,87558000
2023-03-07,149.16893005371094,151.55995507278075,148.70646582947896,151.2352451910372,56182000
2023-03-08,150.4185333251953,151.00891757952724,149.39521763366128,150.35949790258118,47204800
2023-03-09,148.17507934570312,152.06173267895514,147.82085183856077,151.097452526104,53833600
2023-03-10,146.11865234375,148.51952687879202,145.2429249942403,147.80123737088158,68572400
2023-03-13,148.05706787109375,150.6842500131036,145.33148332105827,145.43971996424668,84457100
2023-03-14,150.1430206298828,150.94002884188114,147.6929605728649,148.85403055723415,73695900
2023-03-15,150.53660583496094,150.7924309816341,147.51583019026035,148.7654682431246,77167900
2023-03-16,153.35076904296875,153.9509875803486,149.20827470890512,149.71994010489203,76161100
2023-03-17,152.51438903808594,154.22649145558808,151.80593390078133,153.57707174404283,98944600
2023-03-20,154.87591552734375,155.28919358755078,151.6780327765039,152.5832927983786,73641400
2023-03-21,156.7257537841797,156.84382463636302,154.02968755125636,154.7971931327365,73938300
2023-03-22,155.29905700683594,159.5399399111386,155.27937352072271,156.74548544709194,75701800
2023-03-23,156.38134765625,158.95934282613845,155.15139299961646,156.28296029217628,67622100
2023-03-24,157.68019104003906,157.76874417421377,155.3186840441415,156.31248202721346,59196500
2023-03-27,155.7417755126953,158.19185056660328,155.33834678641222,157.37515888196728,52390300
2023-03-28,155.12191772460938,155.94845889069038,153.47869965551462,155.43679340961148,45992200
2023-03-29,158.19187927246094,158.4673879613573,156.79465234617297,156.81432081388166,51305700
2023-03-30,159.75636291503906,159.86459953343115,158.68384597812414,158.93967116064357,49501700
2023-03-31,162.25563049316406,162.35403288236776,159.31358823359025,159.8350878653574,68749800
2023-04-03,163.50527954101562,163.62335040456196,161.58655293789977,161.63575413574327,56976200
2023-04-04,162.97393798828125,164.16452584406122,162.4622725801105,163.92838412805693,46278300
2023-04-05,161.13388061523438,162.40320212135714,159.20532028473036,162.09817579458004,51511700
2023-04-06,162.0194854736328,162.31467762112032,159.40213812085784,159.8252353547828,45390100
2023-04-10,159.43167114257812,159.43167114257812,157.51294452082058,158.8314525568901,47716900
2023-04-11,158.2213897705078,159.75637097122245,157.93603184667685,159.7465367378167,47644200
2023-04-12,157.5325927734375,159.46115319792995,157.2177171858746,158.6346273017189,50133100
2023-04-13,162.905029296875,163.14118599216286,158.8314201412513,159.03805912639,68445600
2023-04-14,162.5606689453125,163.65286938363687,161.19295983913122,161.9506011686896,49386500
2023-04-17,162.580322265625,162.73776006518966,161.39956879707992,162.44256794452966,41516200
2023-04-18,163.80047607421875,164.72540456754612,162.99361844758067,163.43641422586148,49923000
2023-04-19,164.94186401367188,165.46336364998885,162.8853681685066,163.1412083770297,47720200
2023-04-20,163.9775390625,165.17797593709363,162.9050222690973,163.42652181136077,52456400
2023-04-21,162.37371826171875,163.78077935638615,161.85221862385353,162.4032359760057,58337300
2023-04-24,162.6787567138672,162.94443117624493,161.26184626664974,162.35404681853836,41949600
2023-04-25,161.1437530517578,163.64301445601814,161.1043860925183,162.54097982284455,48714100
2023-04-26,161.13388061523438,162.6295095550799,160.18928392676938,160.4451090686258,45498800
2023-04-27,165.7093505859375,165.85693915334915,162.5409858833323,162.5409858833323,64902300
2023-04-28,166.95899963378906,167.12628672150765,165.18787649470852,165.78809511844986,55275900
2023-05-01,166.8704071044922,167.71661652166532,165.93564455408003,166.56538074727197,52472900
2023-05-02,165.83724975585938,167.6182368189597,164.85328597063295,167.3623966257795,48425700
2023-05-03,164.76473999023438,168.17909567440717,164.47939708632646,166.78186884038578,65136000
2023-05-04,163.13133239746094,164.3612870012041,161.67507035057545,162.2457710884036,81235400
2023-05-05,170.7865753173828,171.50486456691795,168.02162489145863,168.23809809226543,113453200
2023-05-08,170.71774291992188,171.0621363032094,169.35003364925416,169.71409550111375,55962800
2023-05-09,169.01547241210938,170.7570775926942,168.84820036158354,170.27494492179522,45326900
2023-05-10,170.77676391601562,171.23922812803062,169.14338031673282,170.24543004162442,53724500
2023-05-11,170.9636993408203,171.7902252766967,169.4090348343318,171.0621017201797,49514700
2023-05-12,170.0375213623047,171.50564580777203,168.49055408757272,171.07210045600348,45533100
2023-05-15,169.5448455810547,170.66811525184778,168.95364468701064,170.6188460048669,37266700
2023-05-16,169.5448455810547,170.5991352991019,169.27880367524853,169.46601779285794,42110300
2023-05-17,170.15574645996094,170.39221479568312,167.91905489711874,169.19013234108013,57951600
2023-05-18,172.48109436035156,172.6683084617715,170.04734111161662,170.4611756877155,65496700
2023-05-19,172.5894775390625,173.80142270664055,172.37270490292832,173.80142270664055,55809500
2023-05-22,171.64361572265625,172.14614110589002,170.9046219565987,171.42684301515672,43570900
2023-05-23,169.04234313964844,170.83564173486545,168.7664533611328,170.58931050155752,50747300
2023-05-24,169.3182373046875,169.8897275849513,168.01761617725649,168.57924358561866,45143500
2023-05-25,170.4513702392578,171.34800452634042,169.17044478431242,169.8798799582863,56058300
2023-05-26,172.8555145263672,173.1905363695113,170.56956891324683,170.7764937271046,54835000
2023-05-30,174.69810485839844,176.36330631715728,173.9788219031772,174.36309800636275,55964400
2023-05-31,174.6488494873047,176.7180379211288,174.16603484344822,174.72767728843633,99625300
2023-06-01,177.44712829589844,177.47668683522244,174.33349851829678,175.0922027756249,68901800
2023-06-02,178.2945098876953,179.11233123154489,176.62930866038764,178.37333767160567,61996900
2023-06-05,176.94461059570312,182.23579939859383,175.4272021453367,179.9498539235026,121946500
2023-06-06,176.580078125,177.476712338109,174.8261860088602,177.32891962025158,64848400
2023-06-07,175.21046447753906,178.5507149734009,174.71780207381394,175.82136104700194,61944600
2023-06-08,177.92010498046875,178.18613184931536,174.85574427470908,175.28927455408018,50214900
2023-06-09,178.3043975830078,179.5557493602978,177.97923856717878,178.83646640490514,48900000
2023-06-12,181.0928497314453,181.19138823156914,178.31424143935143,178.60984190485868,54274900
2023-06-13,180.61988830566406,181.4475575367352,179.76266053311636,180.11737806569877,54929100
2023-06-14,181.25050354003906,181.684048880549,179.34883379218707,180.67901332162722,57462900
2023-06-15,183.28030395507812,183.78282934416615,181.083033341499,181.26039966554973,65433200
2023-06-16,182.2062530517578,184.245882524342,181.56579797087073,183.98968846409701,101256200
2023-06-20,182.29493713378906,183.36895259993452,181.7037512704965,181.7037512704965,49799100
2023-06-21,181.2603759765625,182.68909408055805,179.91047063421516,182.18656875714527,49515700
2023-06-22,184.25572204589844,184.304991288712,180.97458893469445,181.04356888160584,51245300
2023-06-23,183.94044494628906,184.80753566864925,182.29495416898448,182.82703803401998,53117000
2023-06-26,182.55113220214844,185.29033397781694,182.51171079012911,184.0882365039062,48088700
2023-06-27,185.3001708984375,185.6253298715582,182.94524533692336,183.1620179856705,50730800
2023-06-28,186.4727325439453,187.11318769857849,184.84695251457532,185.17209649255778,51216800
2023-06-29,186.80772399902344,187.2806907250245,186.16726889716722,186.3052137668684,46347300
2023-06-30,191.12342834472656,191.62593851624817,188.45319186108497,188.81777221441135,85213200
2023-07-03,189.63565063476562,191.03481029014517,188.94591112680644,190.93627177904648,31458200
2023-07-05,188.52223205566406,190.14801227448265,187.82264469773918,188.75871546570897,46920300
2023-07-06,188.99514770507812,189.20207252866174,186.42344937265386,187.05405664400223,45094300
2023-07-07,187.8817596435547,189.84256176290307,187.44822928239464,188.60105770280973,46815000
2023-07-10,185.84210205078125,187.2018550195119,184.2951349736181,186.48255712554894,59922200
2023-07-11,185.3199005126953,186.52199803845542,183.86162393721375,186.3840531601648,46638100
2023-07-12,186.985107421875,188.88677723101014,185.70418206587038,186.8964167558296,60750200
2023-07-13,187.74375915527344,188.38422922243208,186.99491780606402,187.70435278315148,41342300
2023-07-14,187.89157104492188,188.37437052971225,186.8471292596261,187.4383150637318,41616200
2023-07-17,191.14317321777344,191.46833222271863,188.99515722491665,189.08383285312058,50520200
2023-07-18,190.88699340820312,191.47819437683242,189.5962201627232,190.5125801606121,48288200
2023-07-19,192.2368927001953,195.32094939257118,189.8228346836756,190.26624291356026,80507300
2023-07-20,190.2957763671875,193.58675746858663,189.6750169550875,192.22700448393437,59581200
2023-07-21,189.12326049804688,192.10879369152832,188.42367321559357,191.25156585425083,71951700
2023-07-24,189.9213409423828,192.04964595897565,189.42867857936756,190.57165886992988,45377800
2023-07-25,190.778564453125,191.58653792745972,190.08884016702333,190.49282690419068,37283200
2023-07-26,191.6457061767578,192.7689760383015,190.4830299318555,190.8278846495574,47471900
2023-07-27,190.38446044921875,194.30604897209747,189.72429463258098,193.1433729163405,47460200
2023-07-28,192.95616149902344,193.74442436278966,191.29096014596897,191.8131810983056,48291400
2023-07-31,193.56707763671875,193.60649905306556,192.39453857567588,193.1828015190956,38824100
2023-08-01,192.73939514160156,193.842954166062,192.41423613585215,193.3601546102926,35175100
2023-08-02,189.75387573242188,192.31571151477112,189.03459274742033,192.17776662675897,50389300
2023-08-03,188.3645477294922,189.54693452970886,187.8915960163783,188.75868668614032,61235200
2023-08-04,179.31922912597656,184.63012811145708,179.25024918733618,182.79742375652143,115956800
2023-08-07,176.225341796875,180.44253062568194,174.74735463626894,179.45720585194456,97576100
2023-08-08,177.16140747070312,177.62451134366992,174.97398514494694,177.05302113799038,67823000
2023-08-09,175.57504272460938,178.2748232727554,174.41235154839882,178.21570618554995,60378500
2023-08-10,175.35824584960938,178.0974474344709,174.99368050557445,176.84608080013524,54686900
2023-08-11,175.41746520996094,176.23639103718068,174.19402209160106,174.95375100085724,52036700
2023-08-14,177.06520080566406,177.2921273528478,174.94388246971033,175.595078706152,43675600
2023-08-15,175.08200073242188,177.08491002448199,174.68734458769583,176.4929258073929,43622600
2023-08-16,174.21372985839844,176.1574269074876,174.14465676238186,174.766254405872,46964900
2023-08-17,171.67803955078125,175.1411945839284,171.1649745274817,174.7761369036864,66062900
2023-08-18,172.1614990234375,172.76335939467492,169.6652621694116,170.0007213782545,61172200
2023-08-21,173.4934844970703,173.77962299820936,171.42151715942626,172.7337706675176,46311900
2023-08-22,174.8649139404297,175.30890581271296,173.89799596554266,174.69718434668556,42038900
2023-08-23,178.7030029296875,179.12727253692543,175.95024126986627,176.13770818549477,52722800
2023-08-24,174.02627563476562,178.68329009610582,173.6612029173666,178.25902046647073,54945800
2023-08-25,176.22653198242188,176.7593193055493,173.47376987845638,175.01294998434398,51449600
2023-08-28,177.78546142578125,178.18011761364104,176.16734696728648,177.68678985123202,43820700
2023-08-29,181.66297912597656,182.4325690983829,177.1046362040057,177.30196426395187,53003900
2023-08-30,185.14585876464844,185.34320186637345,182.27470331859433,182.47203136515444,60813900
2023-08-31,185.36294555664062,186.59626480914432,184.97815055206615,185.33334709899387,60794500
2023-09-01,186.9317169189453,187.3855699191495,185.76745585396847,186.96131537308187,45766500
2023-09-05,187.1685028076172,187.44476508042712,185.10639689444145,185.76745412260553,45280000
2023-09-06,180.4691162109375,186.3298508313997,179.048330235654,185.88584392275033,81755800
2023-09-07,175.1905517578125,175.8318868790433,171.22419235116297,172.84230680208358,112488800
2023-09-08,175.80224609375,177.8347687964352,175.417451102765,175.96999075471308,65551300
2023-09-11,176.96653747558594,177.8939960879197,174.97348907813478,177.66706953016848,58953100
2023-09-12,173.94732666015625,177.72621814105926,172.48708107979573,177.09475937210624,90370200
2023-09-13,171.88523864746094,174.93400012779577,171.65829707262085,174.15453395453247,84267900
2023-09-14,173.39483642578125,173.75003299454158,171.2636570132194,171.6780505009118,60895800
2023-09-15,172.67453002929688,174.14465177290464,171.50042292713772,174.12491445244186,109259500
2023-09-18,175.5950469970703,176.9862345995646,173.81906442528665,174.12492516303394,67257600
2023-09-19,176.68038940429688,177.23291401853146,174.7662755227223,175.15107052586188,51826900
2023-09-20,173.148193359375,177.3020049252056,173.05938291514096,176.86787406066375,58436200
2023-09-21,171.60894775390625,173.94733103404198,171.5398897121348,172.2206842726111,63149100
2023-09-22,172.45750427246094,174.71695374662696,171.7273888544839,172.33911043282527,56725400
2023-09-25,173.7302703857422,174.6083930174941,171.82601779128095,171.87535356826675,46172700
2023-09-26,169.66529846191406,172.86205287379087,169.36929877984454,172.48713399466078,64588900
2023-09-27,168.1556396484375,170.73081034008564,166.7940657007268,170.3164169598986,66921800
2023-09-28,168.41220092773438,169.73431545858824,165.38316183381656,167.0802102082604,56294400
2023-09-29,168.92527770996094,170.76045735672912,168.06687727418498,169.7244661753788,51861100
2023-10-02,171.43136596679688,171.9740294168616,168.6489906711008,168.93512915166482,52164500
2023-10-03,170.09938049316406,171.31297744317223,168.54047825044546,169.96124934298015,49594600
2023-10-04,171.3425750732422,171.88523853747708,168.68846972057472,168.80686354725646,53020300
2023-10-05,172.57586669921875,173.10865388928795,170.3756147373138,171.47080262455518,48527900
2023-10-06,175.12149047851562,175.61481822954005,170.8689926183437,171.48072926712837,57266700
2023-10-09,176.60147094726562,176.66066786762835,173.45403753652568,174.45055415802327,42390800
2023-10-10,176.0094757080078,177.32172934204314,175.57534487507363,175.7233522345748,43698000
2023-10-11,177.400634765625,177.4499705441094,175.22999600880442,175.82198018511957,47551100
2023-10-12,178.29852294921875,179.90676118500224,176.6507950071692,177.6670640281674,56743100
2023-10-13,176.4633331298828,179.5022186651883,175.76280113660414,178.99902980590412,51427100
2023-10-16,176.33505249023438,176.69024903281087,174.15453745424634,174.39134016768617,52517000
2023-10-17,174.7860107421875,176.03906740635364,172.46737941742194,174.2926830064713,57549400
2023-10-18,173.4934844970703,175.21027033840411,172.77323025982977,173.23695950912395,54764400
2023-10-19,173.11856079101562,175.46679037407037,172.85215962113486,173.69080766680926,59302900
2023-10-20,170.57296752929688,173.07906528544774,170.33616484514565,172.970532603774,64244000
2023-10-23,170.69137573242188,171.68789221712717,167.66233657820504,168.62926966195786,55980100
2023-10-24,171.12548828125,171.3524147723922,169.16203892177992,170.74069333750268,43816600
2023-10-25,168.81674194335938,170.75057806188605,168.3727349771656,169.58633193718455,57157000
2023-10-26,164.66290283203125,169.09299056011605,163.45918215856796,168.0964590692853,70625300
2023-10-27,165.97520446777344,166.70533502385422,164.6037538005945,164.68268805437373,58499100
2023-10-30,168.01754760742188,168.88580920893756,166.61649869462795,166.76450604315932,51131000
2023-10-31,168.4911346435547,168.61938959873203,165.6594236135805,167.09008588386948,44846000
2023-11-01,171.64845275878906,171.9049777602895,167.84982318964867,168.71808481806195,56934900
2023-11-02,175.20040893554688,175.40759814141026,173.118565411641,173.17776232760195,77334800
2023-11-03,174.2926483154297,174.46039296073306,171.03669795189808,171.91482054448556,79829200
2023-11-06,176.83824157714844,177.0355696443862,173.85855313497558,174.02628274488598,63841300
2023-11-07,179.39370727539062,180.00542885763969,176.5817331247381,176.78892234542403,70530000
2023-11-08,180.44940185546875,181.00192645947115,179.16674685036813,179.91661457451394,49340300
2023-11-09,179.975830078125,181.66300252138785,179.38383076688,180.51849360423827,53763500
2023-11-10,184.15484619140625,184.32281184408907,181.3194195461175,181.75412225306079,66133400
2023-11-13,182.57412719726562,183.78930789371245,181.99123723697815,183.58184574005094,43627500
2023-11-14,185.18234252929688,185.8442707665973,184.05607409829287,185.43920547847273,60108400
2023-11-15,185.74546813964844,187.21752694473682,185.51824264456812,185.5874067506803,53790500
2023-11-16,187.4250030517578,188.65994715340477,186.37775779056014,187.28668991537342,54412900
2023-11-17,187.4052276611328,188.08691917335904,186.29872264128753,187.95848017105547,50922700
2023-11-20,189.14402770996094,189.598493753426,187.59294582194016,187.60281994734135,46505100
2023-11-21,188.34378051757812,189.21318592585277,187.45462685911554,189.10451024981845,38134500
2023-11-22,189.0056915283203,190.60617399815436,188.53147729188777,189.18353128885676,39617700
2023-11-24,187.68182373046875,188.6006146991745,186.9704948821169,188.57097725340967,24048300
2023-11-27,187.5040283203125,188.37343380166539,186.6247487130357,187.63246733233092,40552600
2023-11-28,188.10665893554688,188.77847629228074,187.1187037624085,187.49413155220094,38415400
2023-11-29,187.08909606933594,189.77633577367203,186.6939199672285,188.60066651864972,43014200
2023-11-30,187.66209411621094,188.02764780463457,185.92329832735996,187.55341843722022,48794400
2023-12-01,188.93655395507812,189.2526917735191,186.95075439627809,188.0375111237308,45704800
2023-12-04,187.14834594726562,187.7608884211111,185.19219887595256,187.69172432124148,43389500
2023-12-05,191.09030151367188,192.05849343193452,187.8893210956394,187.91897362196437,66628400
2023-12-06,190.00355529785156,192.4141533735728,189.79607806848605,192.10788966712872,41089700
2023-12-07,191.9300537109375,192.6512567588297,191.25823636118906,191.29776300970337,47477700
2023-12-08,193.3527374267578,193.629363703371,191.33730018286,191.86091528323507,53406400
2023-12-11,190.8531951904297,191.15947399253523,189.11439931154695,190.78404615931,60943700
2023-12-12,192.3647918701172,192.37466599656702,189.41079996137955,190.75441983366463,52696900
2023-12-13,195.57562255859375,195.61513413450965,192.50308121236986,192.74018081786602,70404200
2023-12-14,195.7238006591797,197.2156075489979,193.79729107961322,195.63488831127654,66831600
2023-12-15,195.1903076171875,196.01029713155143,194.6271659416612,195.1507809689053,128538400
2023-12-18,193.5305633544922,194.26165570440122,192.04863040265064,193.7281513997374,55751900
2023-12-19,194.5679168701172,194.5777909959987,193.53056080250687,193.79731295132126,40714100
2023-12-20,192.4833221435547,195.2989855460905,192.4833221435547,194.5283816611859,52242800
2023-12-21,192.33511352539062,194.70621508029078,191.16933361068988,193.73802319308166,46482500
2023-12-22,191.2681427001953,193.0563392932213,190.64572606781581,192.82909873139974,37149600
2023-12-26,190.72474670410156,191.55462542072405,190.50739536284337,191.2779991818499,28919300
2023-12-27,190.82354736328125,191.16933772508392,188.78836199381533,190.17150836602553,48087700
2023-12-28,191.24838256835938,192.31537606668746,190.84331729052167,191.80163510638113,34049900
2023-12-29,190.21102905273438,192.0585006042798,189.4206618129017,191.56452296375952,42672100
2024-01-02,183.40402221679688,186.17030008579113,181.6751004330507,184.89582930034302,82488700
2024-01-03,182.03076171875,183.6411336613478,181.22063114701328,182.00112426612563,58414500
2024-01-04,179.7189178466797,180.88469764157387,178.70132528842504,179.95601742530297,71983600
2024-01-05,178.9977264404297,180.55869755734878,177.99989705667167,179.79798286255345,62379700
2024-01-08,183.324951171875,183.3644778190013,179.3138557634904,179.89674567111302,59144500
2024-01-09,182.91004943847656,182.9199235647891,180.52907347198328,181.70474272826013,42841800
2024-01-10,183.94740295410156,184.15486512874935,181.7047401626592,182.12956878813148,46792900
2024-01-11,183.3546142578125,184.7970355796361,181.4083411771675,184.29316874581366,49128400
2024-01-12,183.6806182861328,184.49074873898914,182.95941525310155,183.818931403084,40477800
2024-01-16,181.41822814941406,182.04062970854807,178.7507369031224,179.96593271976667,65603000
2024-01-17,180.47962951660156,180.72661829034882,178.1283066415265,179.08662428966576,47317400
2024-01-18,186.35800170898438,186.86185345428623,183.59172402252184,183.8485869578717,78005800
2024-01-19,189.252685546875,189.6379874512041,186.54569809210085,187.04954979006996,68903000
2024-01-22,191.55462646484375,192.97728431537942,189.94425472083472,189.98378136946042,60133900
2024-01-23,192.82908630371094,193.39222799671276,191.49535584528522,192.67102493067515,42355600
2024-01-24,192.15731811523438,194.0146790217886,191.99924163914412,193.06623524024957,53631300
2024-01-25,191.8312530517578,193.9059649333701,190.78402298627717,192.86860899256396,54822100
2024-01-26,190.1023406982422,192.41415228379137,189.6281264159501,191.93006387634745,44594000
2024-01-29,189.420654296875,189.88499446653958,187.29655655692048,189.69728055859,47145600
2024-01-30,185.7751007080078,189.4898221386195,185.21197404804863,188.6401800108733,55859400
2024-01-31,182.17893981933594,184.846431021382,182.12955411744667,184.7871410441138,55467800
2024-02-01,184.60931396484375,184.6982263171025,181.6059367135455,181.77388729281213,64885400
2024-02-02,183.61146545410156,185.0736348136651,177.09095561888776,177.69360884630905,102551700
2024-02-05,185.41943359375,186.97053056814926,183.60159955655655,185.88377376602236,69668800
2024-02-06,187.0199432373047,187.02981736340615,184.5204175084795,184.6093298683978,43490800
2024-02-07,187.12863159179688,188.74887780721724,186.33826427512778,188.34381248461148,53439000
2024-02-08,186.0517578125,187.25704946443747,185.0934399218184,187.1088621926835,40962000
2024-02-09,186.8134307861328,187.94113632063826,185.97259122428568,186.61557552858977,45155200
2024-02-12,185.1317596435547,186.63537211912902,184.7756412965565,186.38806813077576,41781900
2024-02-13,183.04452514648438,184.20192116931864,181.5310258479947,183.76666370675508,56529500
2024-02-14,182.16409301757812,183.52921572281525,180.4725423642709,183.32148884677065,54630500
2024-02-15,181.8772735595703,182.50048453550187,179.39434657144153,181.57061898228332,65434500
2024-02-16,180.34397888183594,182.8565961464917,179.71088120229672,181.4420093207192,49752500
2024-02-20,179.60203552246094,180.46264852115328,178.0588611409836,179.82955095197704,53665600
2024-02-21,180.35385131835938,180.91769653606136,178.71174929095213,179.9779444437335,41371400
2024-02-22,182.38172912597656,182.9653779737103,180.49233824441416,181.50132758611662,52292200
2024-02-23,180.5516815185547,183.04449459753943,180.26480046872615,183.01481932952075,45119700
2024-02-26,179.20632934570312,180.78906549316406,178.7018196516175,180.27468416971237,40867400
2024-02-27,180.66046142578125,181.93654299002614,177.6235620940982,179.14696266841102,54318900
2024-02-28,179.46356201171875,181.145226165725,178.18748003378263,180.54180381169616,48953900
2024-02-29,178.80076599121094,180.6011460945577,177.59392143922238,179.31516246277232,136682600
2024-03-01,177.7225341796875,178.5831471920378,175.46712311031385,177.6137198257161,73563100
2024-03-04,173.2117156982422,174.99229230011673,171.9158301484072,174.25038035125658,81510100
2024-03-05,168.28541564941406,170.18470849670402,167.79080766540406,168.91851326517738,95132400
2024-03-06,167.2961883544922,169.39333632878757,166.86093094295472,169.21526961759642,68587700
2024-03-07,167.17750549316406,168.88884496206234,166.67301076258389,167.32588185679398,71765100
2024-03-08,168.8888397216797,171.82681238429842,167.11814976227143,167.17750030588184,76267000
2024-03-11,170.88706970214844,172.49949666610803,170.19462149789052,171.07502316349817,60139500
2024-03-12,171.3618621826172,172.15323790323208,169.16580172767317,171.28272310113206,59825400
2024-03-13,169.28451538085938,171.32229764254458,168.91849524765144,170.90682879160028,52488700
2024-03-14,171.13436889648438,172.43023944819464,170.19461671040915,171.0453430786352,72913500
2024-03-15,170.75843811035156,170.75843811035156,168.4535633292171,169.32407812222547,121752700
2024-03-18,171.84657287597656,175.79354941833483,171.64873273149365,173.67662817447325,75604200
2024-03-19,174.18113708496094,174.70542030322298,171.16402557801365,172.45989598897214,55215200
2024-03-20,176.7432098388672,176.7432098388672,173.2018149693641,173.82502584048726,53423100
2024-03-21,169.5219268798828,175.57593855649498,168.99764365136926,175.14068113790177,106181300
2024-03-22,170.42213439941406,171.18383495977668,168.22607363158104,169.90773784358905,71160100
2024-03-25,169.00753784179688,170.08577952012527,167.6226265638577,168.7305586050563,54288300
2024-03-26,167.8798370361328,169.57138777241732,167.7512341389727,168.16670300567833,57388400
2024-03-27,171.44100952148438,171.72789059246503,168.27552158079686,168.5722893771007,60273300
2024-03-28,169.63070678710938,170.37261857425727,168.67116633485938,169.89779925686813,65672700
2024-04-01,168.19638061523438,169.40322523760474,167.65230884379906,169.3438746978549,46240500
2024-04-02,167.0192413330078,167.51384937895554,166.41581891318202,167.25665862898902,49329500
2024-04-03,167.82046508789062,168.83935621904524,166.76201196368757,166.96973884210524,47691700
2024-04-04,166.99942016601562,170.06598011820813,166.99942016601562,168.45355351894443,53704400
2024-04-05,167.751220703125,168.55248310289795,167.12800990586356,167.76110742740823,42104800
2024-04-08,166.63343811035156,167.37535013675048,166.4257111957336,167.2071852220754,37425500
2024-04-09,167.8402557373047,168.2458378687617,166.53449863101693,166.88071513080217,42373800
2024-04-10,165.9706573486328,167.26652787853376,165.30788444762385,166.97966188332379,49709300
2024-04-11,173.15234375,173.5678277091418,166.34654865134516,166.5246002673459,91070300
2024-04-12,174.64610290527344,176.43658160486194,172.3313408879349,172.38078961681583,101670900
2024-04-15,170.82769775390625,174.72521085075485,170.63974431610336,173.46890241983837,73531800
2024-04-16,167.5533905029297,171.88614579113815,166.45536027289515,169.8978273072319,73711200
2024-04-17,166.1882781982422,168.80969440593617,166.1882781982422,167.78091646807817,50901200
2024-04-18,165.23863220214844,166.8213838226369,164.7539260277304,166.21796146542746,43122900
2024-04-19,163.2206268310547,164.60552308162337,162.31054999578998,164.41758473594675,68149400
2024-04-22,164.0515594482422,165.45624419964858,162.99310629576294,163.73501821268977,48116400
2024-04-23,165.10011291503906,165.24850434331734,163.1414698344962,163.5668404824781,49537800
2024-04-24,167.19729614257812,167.47427542099652,164.4176015378687,164.74402954196006,48251800
2024-04-25,168.05792236328125,168.77015916171027,166.33668091803779,167.70180396406673,50558300
2024-04-26,167.47425842285156,169.49225225997063,167.35554224826544,168.04800546826704,44838400
2024-04-29,171.6289825439453,174.13169791183088,171.23330216655395,171.50037962888564,68169400
2024-04-30,168.49313354492188,173.10288291918897,168.16669051085722,171.46078102452523,65934800
2024-05-01,167.47425842285156,170.84748833564953,167.28630498280754,167.75123767315736,50383100
2024-05-02,171.1640167236328,171.5498103000238,169.04709541575278,170.64962025703286,94214900
2024-05-03,181.40240478515625,184.98336128032037,180.69016817589636,184.63712970012278,163224100
2024-05-06,179.75042724609375,182.21356516877455,178.47433028646978,180.38352481626606,78569700
2024-05-07,180.4329833984375,182.90602327557747,179.36464345444207,181.4716631656838,77305800
2024-05-08,180.76931762695312,181.09576068278213,179.4932206728727,180.87813197889614,45057100
2024-05-09,182.57957458496094,182.6686003878229,180.14609698041687,180.59124108896245,48983000
2024-05-10,181.3215789794922,183.34230991411323,180.4102677646858,183.15410154420678,50759500
2024-05-13,184.5210723876953,185.3333368917867,182.87674310968822,183.68900761377958,72044800
2024-05-14,185.66021728515625,186.52201273815805,184.53098214319476,185.7394637127145,52393600
2024-05-15,187.92861938476562,188.8498308462509,185.60080260352015,186.13571225801192,70400000
2024-05-16,188.0474395751953,189.2955517477419,187.86914647323638,188.6714956614686,52845200
2024-05-17,188.07717895507812,189.00830557822601,187.39369174809892,187.72057759120682,41282900
2024-05-20,189.23611450195312,190.10781001398533,187.22528381236822,187.54226949481966,44361300
2024-05-21,190.5337677001953,190.91016932460286,189.11726241831752,189.28565540299905,42309400
2024-05-22,189.09744262695312,190.99932654838926,188.47340160760692,190.45451683728567,34648500
2024-05-23,185.11538696289062,189.19647894959962,184.86774759253774,189.17666356785324,51005900
2024-05-24,188.18612670898438,188.7804673088457,186.26444256610336,187.0370913918068,36327000
2024-05-28,188.19602966308594,191.1776023727862,187.3144340702039,189.70166621887228,52280100
2024-05-29,188.4932098388672,190.43470949642946,187.72057607583483,187.81963788738682,53068000
2024-05-30,189.4837646484375,190.36536034504638,188.83000809203267,188.9587703074631,49889100
2024-05-31,190.4346923828125,190.7516780595243,188.1167913020161,189.6323431713606,75158300
2024-06-03,192.19789123535156,193.14883318833753,190.7021546904014,191.07855630297723,50080500
2024-06-04,192.514892578125,193.47573474401025,191.20734917579057,192.80214765697744,47471400
2024-06-05,194.02052307128906,195.04079624688396,193.02996541617088,193.5549597642067,54156800
2024-06-06,192.64364624023438,194.64457691185422,192.33657578915964,193.8422276391208,41181800
2024-06-07,195.0308837890625,195.08041469163098,192.30685040959915,192.81202934049514,53103900
2024-06-10,191.29647827148438,195.4370168860641,190.3356361933404,195.04078477848907,97010200
2024-06-11,205.19400024414062,205.20391549352811,191.8016724106265,191.82147267998263,172373300
2024-06-12,211.05813598632812,218.12080209568063,204.94638168818946,205.41194501546696,198134300
2024-06-13,212.21707153320312,214.70336573665497,209.60200000148347,212.71235034689784,97862700
2024-06-14,210.4835968017578,213.13828400218216,209.3048308005582,211.83075578674166,70122700
2024-06-17,214.62413024902344,216.88260054537645,210.71143044440285,211.35528688913016,93728300
2024-06-18,212.2666015625,216.56563344094587,210.9887887879192,215.53544497511416,79943300
2024-06-20,207.7001190185547,212.2170745602359,206.87796947703916,211.90998899500866,86172500
2024-06-21,205.5308074951172,209.88925500861833,205.1543907600995,208.40341856791886,241805100
2024-06-24,206.17466735839844,210.69160779538842,204.63929998769706,205.75863496180304,80727000
2024-06-25,207.0959014892578,209.3840873125504,206.64023830581658,207.1751328027417,55549700
2024-06-26,211.23641967773438,212.83121810497767,208.6510635966682,209.5029437835443,66213200
2024-06-27,212.0784149169922,213.70292898101007,210.34493889866226,212.66284034706985,49772700
2024-06-28,208.6312713623047,214.02982326645972,208.31430073755797,213.73265291439517,82542700
2024-07-01,214.703369140625,215.4561875080808,209.91897391071575,210.0873668962765,60402900
2024-07-02,218.19012451171875,218.29908645117231,213.0689435868198,214.1090169642201,58046200
2024-07-03,219.45803833007812,219.45803833007812,216.96182895702523,217.92267103394255,37369800
2024-07-05,224.20281982421875,224.3117817727132,219.55710192478037,219.55710192478037,60412400
2024-07-08,225.66885375976562,225.69856928044194,221.14199799041046,224.9457357840812,59085900
2024-07-09,226.5207061767578,227.23390886254342,224.23252052432466,225.77778797195694,48076100
2024-07-10,230.78012084960938,230.87918266211804,227.08534498663496,227.1348758928893,62627700
2024-07-11,225.4212188720703,230.19569903805672,223.63821202212716,229.2051413563895,64710600
2024-07-12,228.36314392089844,230.44332094014862,226.5207061684713,226.7584454352943,53046500
2024-07-15,232.1867218017578,234.99000194235262,230.88909361652622,234.2470836578572,62631300
2024-07-16,232.60275268554688,234.03905824310993,230.1362587163494,232.781045805997,43234300
2024-07-17,226.71884155273438,229.2744821236097,224.49998695797876,227.2834515580279,57345900
2024-07-18,222.06321716308594,228.26411801705945,220.17126344980832,228.10562515807683,66034600
2024-07-19,222.1919708251953,224.65846466815103,221.17169771561296,222.6971648700337,49151500
2024-07-22,221.8452911376953,225.62921338494564,220.98349573063444,224.86647978572938,48201800
2024-07-23,222.88536071777344,224.7971447504236,220.57735968997056,222.25140445670337,39960300
2024-07-24,216.47647094726562,222.67737176080064,215.07979609138368,221.88492258576645,61777600
2024-07-25,215.4364013671875,218.76467587085634,212.59349046705276,216.86279177043605,51391200
2024-07-26,215.90194702148438,217.41749898154802,213.9703475571551,216.6349499920164,41601300
2024-07-29,216.17929077148438,217.22927938341869,213.7127969665886,214.91137828370984,36311800
2024-07-30,216.73399353027344,218.24954536257854,214.0792914541732,217.12031036763145,41643800
2024-07-31,219.98301696777344,221.70659250258416,218.54671157945197,219.34906075635598,50036300
2024-08-01,216.29815673828125,222.36036437427163,214.97081319041698,222.2514024343897,62501000
2024-08-02,217.7840118408203,223.46981835778237,215.6543188775265,217.0807092384795,105568600
2024-08-05,207.29400634765625,211.4840610296135,194.14930192882554,197.21012147966275,119548600
2024-08-06,205.2732696533203,208.00721860156926,199.17144565753833,203.36150053141452,69660500
2024-08-07,207.83880615234375,211.62272838414273,204.441185671316,204.9463646139573,63516400
2024-08-08,211.29586791992188,212.1774636990054,206.85817350164743,211.0977593959716,47161100
2024-08-09,214.1981964111328,214.7330909034816,209.96851092003678,210.09728825409005,42201600
2024-08-12,215.72540283203125,217.6889728146819,213.81142108338884,214.27752324509848,38028100
2024-08-13,219.4344024658203,220.04925425523973,217.19314118814535,217.19314118814535,44155300
2024-08-14,219.8806610107422,221.17979111862692,217.8774142480331,218.7402072098891,41960600
2024-08-15,222.85577392578125,223.48055242779947,220.9120269929499,222.73677426147512,46414000
2024-08-16,224.1747283935547,224.94825642777528,221.79462933024135,222.06239369045758,44340200
2024-08-19,224.0160675048828,224.115243980586,221.18970440160442,223.84747960195193,40687800
2024-08-20,224.6309051513672,225.28543353253482,223.57970115675508,223.8970537532744,30299000
2024-08-21,224.52182006835938,226.08871448701353,223.1830285060583,224.64083485973637,34765500
2024-08-22,222.66734313964844,226.4457337259973,222.04256465043304,225.90029338876204,43695300
2024-08-23,224.9581756591797,226.32673228874265,222.46900358067504,223.78797197411373,38677300
2024-08-26,225.2953643798828,225.39454085782168,222.0326640536948,224.87885041051024,30602200
2024-08-27,226.13829040527344,226.95149505120298,223.0243400581704,224.1251322421701,35934600
2024-08-28,224.61106872558594,227.95310672511408,223.8077756875659,226.0291983356657,38052200
2024-08-29,227.8837127685547,230.98775191089825,226.9812734022471,228.1911537968638,51906300
2024-08-30,227.1002655029297,228.4886453526855,225.59287085733376,228.28039594132485,52990800
2024-09-03,220.9219207763672,227.1002329196535,219.33518820526996,226.65396911284594,50190600
2024-09-04,219.0178985595703,219.9401762860646,215.6758448114514,219.821176613538,43840200
2024-09-05,220.53518676757812,223.60946073514918,219.6823205428289,219.79140861107143,36615400
2024-09-06,218.98812866210938,223.37145940933704,217.94683622588397,222.09215251756703,48423000
2024-09-09,219.07737731933594,219.4343914347755,214.91222272734436,218.98812757352732,67180000
2024-09-10,218.28399658203125,219.6426263973432,214.93203178151688,217.1038662465979,51591000
2024-09-11,220.81283569335938,221.23926118740866,216.08240296027674,219.62279381512946,44587100
2024-09-12,220.9219207763672,221.6954487434212,217.99639678484726,220.65415643940133,37455600
2024-09-13,220.6541748046875,222.18139254741286,220.06907298412548,221.72521710949164,36766600
2024-09-16,214.5254669189453,215.4179946756504,212.14536768072225,214.74362792854853,59357400
2024-09-17,214.99154663085938,215.1006346980314,212.72055067344832,213.96018092212807,45519300
2024-09-18,218.8592071533203,220.86245391858552,215.7353297749969,215.7452565018275,59894900
2024-09-19,226.97134399414062,227.91347512552952,222.76652771175563,223.12354184254357,66781300
2024-09-20,226.306884765625,231.1563174701668,225.73169454082358,228.0622053540531,318679900
2024-09-23,224.59124755859375,227.54652178723228,223.9367191660146,225.4540253555904,54146000
2024-09-24,225.4838104248047,227.44739590867707,223.85741591623423,226.7531907665081,43556100
2024-09-25,224.49208068847656,225.40444676008957,222.1615848378298,223.06402418257602,42308700
2024-09-26,225.63253784179688,226.60440369502516,223.54004142995942,225.41436171300208,36636700
2024-09-27,225.9003143310547,227.61597365379234,225.41438891191032,226.5647695239617,34026000
2024-09-30,231.06707763671875,231.06707763671875,227.74486252768645,228.13162655878588,54541900
2024-10-01,224.33340454101562,227.74485413807125,221.88389405688537,227.615942887257,63285000
2024-10-02,224.898681640625,225.48378349827837,221.16987922367838,224.0160654907427,32880600
2024-10-03,223.7978515625,224.92839357630763,221.4673561200016,223.2722496256019,34044200
2024-10-04,224.91851806640625,226.10856009308668,222.27066963907552,226.00938361911108,37245100
2024-10-07,219.8509063720703,223.81772316941647,219.49389225502094,222.63759275105315,39505400
2024-10-08,223.89706420898438,224.10531361949606,221.3979653574062,222.43925780658088,31855700
2024-10-09,227.63577270507812,227.84403724277382,222.96485445261254,223.36153007501719,33591100
2024-10-10,227.13990783691406,227.59609839600836,225.2854259515482,225.8903660776275,28183500
2024-10-11,225.66229248046875,227.5068628874906,225.4540279414576,227.39777482080956,31759200
2024-10-14,229.3811798095703,229.8076053434174,226.70358155060512,226.80274288926017,39882100
2024-10-15,231.9100341796875,235.51983687729248,230.44230106244424,231.67201972311165,64751400
2024-10-16,229.85719299316406,230.19436878170097,227.93328446814013,229.67869350471682,34082200
2024-10-17,230.22412109375,231.91003031839952,228.60765355789445,231.49350124327563,32993800
2024-10-18,233.0504608154297,234.22066437649204,232.0686683201459,234.22066437649204,46431500
2024-10-21,234.51821899414062,234.8851598599691,232.5050605584077,232.5050605584077,36254500
2024-10-22,233.9033660888672,234.2603802258017,230.67041566655348,231.94970749678197,38846600
2024-10-23,228.8456268310547,233.18929552056238,225.87051460694332,232.13809162252886,52287000
2024-10-24,228.6572265625,228.9051525928802,226.5151420282862,228.0721096303277,31109500
2024-10-25,229.49026489257812,231.28524701350278,227.665532857223,227.83412074973037,38802300
2024-10-28,231.4637451171875,232.78271346714027,230.62080565968694,231.38442210065006,36087100
2024-10-29,231.73150634765625,232.38603471678388,230.39271482775456,231.1662428522856,35417200
2024-10-30,228.19114685058594,231.53318522639518,227.64570650368097,230.68031899274527,47070900
2024-10-31,224.03590393066406,227.92338265648337,223.50037517792762,227.43744214117888,64370100
2024-11-01,221.06076049804688,223.48052087870693,218.44266232747447,219.13685215826953,65276700
2024-11-04,220.16822814941406,220.94175615916865,217.88732075932978,219.15670083339904,44944500
2024-11-05,221.59629821777344,222.09215031274817,219.3054639601429,219.9599923572388,28111300
2024-11-06,220.87234497070312,224.19455985797964,219.3550388628842,220.76325691115125,54561100
2024-11-07,225.59288024902344,225.9895710313294,222.70703236030374,222.7665321945981,42137700
2024-11-08,225.3248291015625,227.01257809039103,224.77878865400953,225.53330763226646,38328800
2024-11-11,222.6144561767578,224.07386628495595,219.9041296110407,223.3789126974454,42005600
2024-11-12,222.6144561767578,223.964658210572,221.750729228627,222.93215790182094,40398300
2024-11-13,223.49806213378906,225.01703765642938,221.15506473467502,222.39605879884869,48566200
2024-11-14,226.5757293701172,227.2210402122622,223.3789275067786,223.3987876531247,44923900
2024-11-15,223.37892150878906,225.28508648780175,222.65418524957263,224.76882873863602,47923700
2024-11-18,226.37718200683594,228.08479108540536,223.54770942404784,223.62713486361545,44633700
2024-11-19,226.63531494140625,228.501774994788,225.02699136706502,225.34467799276683,36211800
2024-11-20,227.35012817382812,228.27342054954684,224.26253412411586,226.41689814964724,35169600
2024-11-21,226.8735809326172,228.50176458087773,224.0838286281757,227.230987838277,42108300
2024-11-22,228.21383666992188,229.05771868234922,226.4168797117104,226.4168797117104,38168300
2024-11-25,231.19223022460938,231.5694972757357,228.08479132337303,229.79240040372403,90152800
2024-11-26,233.366455078125,233.87279036398945,231.6489234928732,231.6489234928732,45986200
2024-11-27,233.2373809814453,233.99191506726265,232.12545514826604,232.78070364946953,33498400
2024-11-29,235.62010192871094,236.0966394139658,232.28430923421996,233.11825362062933,28481400
2024-12-02,237.86383056640625,239.0551819380818,235.45134517492735,235.5605532676808,48137100
2024-12-03,240.90176391601562,241.01097200063165,237.17878168890522,238.08222901174219,38861000
2024-12-04,241.2591552734375,242.3512360492442,239.51184118099928,241.12016455186688,44383900
2024-12-05,241.28897094726562,242.77816394602775,240.38553870781277,242.23213863223197,40033900
2024-12-06,241.0904083251953,242.86752040520184,240.33588934668637,241.1599112680226,36870600
2024-12-09,244.9722442626953,245.4587194212017,240.00826768189094,240.08769312504634,44649200
2024-12-10,245.98487854003906,246.4217108653419,243.57237825215392,245.11121388943334,36914800
2024-12-11,244.714111328125,248.9930565140259,244.48575750906295,246.17352158557497,45205800
2024-12-12,246.17352294921875,246.9479020514793,243.9099357862414,245.11122473397327,32777500
2024-12-13,246.34228515625,247.49391610940148,244.46590277835176,246.0345210589055,33155300
2024-12-16,249.23130798339844,249.56886987487528,245.86573275817128,246.20329464964811,51694800
2024-12-17,251.6537322998047,252.0012166921119,247.98039295462073,248.2782345553336,51356400
2024-12-18,246.26284790039062,252.44795764195715,245.95508381781758,250.3432367039591,56774100
2024-12-19,247.99032592773438,250.184410158509,245.3097817058068,245.71683140567848,60882300
2024-12-20,252.656494140625,253.1628143156686,243.91989202858784,246.25295201238012,147495300
2024-12-23,253.43087768554688,253.80812962394884,251.62398284537375,252.93448000183187,40858800
2024-12-24,256.33978271484375,256.34969006633503,253.4507293352449,253.64930053302467,23234700
2024-12-26,257.1537780761719,258.2260137599804,255.77380863027113,256.329771467171,27237100
2024-12-27,253.74853515625,256.836144148833,251.2367643772991,255.97238682838486,42355300
2024-12-30,250.38294982910156,251.67358663649517,248.94339979921563,250.41273247360002,35557500
2024-12-31,248.6157684326172,251.45516326793145,247.6328957457903,250.6212189481796,39480700
2025-01-02,242.0931396484375,247.3053149666319,240.07776640397734,247.1365264348607,55740700
2025-01-03,241.60665893554688,242.42074318433572,240.14724866814672,241.60665893554688,40244100
2025-01-06,243.23484802246094,245.54806288478193,241.4478134561986,242.5498168429892,45045600
2025-01-07,240.46495056152344,243.78088314896328,239.61114601786818,241.22939201717418,40856000
2025-01-08,240.951416015625,241.9541489627904,238.32051453305579,240.17703689438372,37628900
2025-01-10,235.14356994628906,238.4297199246896,231.32130202918376,238.28079154222544,61710900
2025-01-13,232.71121215820312,232.9792711307645,228.06493742769467,231.84748509521594,49630700
2025-01-14,231.59927368164062,234.41880854341963,230.7951119565212,233.05868390458076,39435300
2025-01-15,236.1562042236328,237.2383625727966,232.74098609709984,232.94947976770305,39832000
2025-01-16,226.6154327392578,236.29518618874627,226.38709407905125,235.63995285298606,71759100
2025-01-17,228.32305908203125,230.6164138035219,226.833866130533,230.44764042021458,68488300
2025-01-21,221.03594970703125,222.80312416686704,217.79944241349193,222.38615194982364,98070400
2025-01-22,222.21737670898438,222.5052806842356,218.2064751614249,218.2064751614249,64126500
2025-01-23,222.04856872558594,225.39428356119052,220.6983667044382,223.12078931433723,60234800
2025-01-24,221.1749267578125,224.00439930767484,219.81480209957203,223.160517277336,54697900
2025-01-27,228.2039337158203,230.47742834163907,222.36629236472388,222.40601266103107,94863400
2025-01-28,236.54339599609375,238.4594987479956,229.147074251248,229.18679454547646,75707600
2025-01-29,237.63546752929688,238.1318651456976,232.3240069742682,232.43321505583046,45486100
2025-01-30,235.87823486328125,239.05517683623282,235.50098294542886,236.95045561956258,55658300
2025-01-31,234.29966735839844,245.40904807772534,231.7581140684966,245.40904807772534,100959800
2025-02-03,226.3672332763672,230.15971829856622,224.0738787357251,228.33297872450572,73063300
2025-02-04,231.1227264404297,231.45035067549782,225.0170268486458,225.61271003037928,45067300
2025-02-05,230.7951202392578,230.99367626573292,226.625383087866,226.88350440739822,39620300
2025-02-06,231.5397186279297,232.11554171369926,228.7698112868805,229.62361584180033,29925300
2025-02-07,225.98997497558594,232.3140755170278,225.6226304523949,230.92416830424466,39707200
2025-02-10,226.25833129882812,229.1803610121675,225.81108525741098,228.16660736242451,33115600
2025-02-11,231.19796752929688,233.79201296403912,226.7354250213283,226.8049892187756,53718400
2025-02-12,235.42198181152344,235.5114431570428,229.2698195612854,229.7866449882993,45243300
2025-02-13,240.05348205566406,240.85852795215618,234.1299251101732,235.4617298072221,53614100
2025-02-14,243.104736328125,244.0489258287467,239.5168040933544,239.77520922194773,40896200
2025-02-18,242.97552490234375,243.6811760890431,240.3615975750387,242.65747382373942,48822500
2025-02-19,243.3730926513672,244.50612316801596,241.6735544591497,243.16438488450393,32204200
2025-02-20,244.3272247314453,245.27141427762965,242.79663037338946,243.44266597431312,32316900
2025-02-21,244.04891967773438,247.16972378813352,243.72093519653038,244.44646835255205,53197400
2025-02-24,245.5894317626953,247.33866705271078,242.92580728065096,243.43268408373555,51326400
2025-02-25,245.52980041503906,248.47171215983582,243.41283173998391,246.48393846255715,48013300
2025-02-26,238.890625,243.48237703128345,237.66814851741972,242.83635669602367,44433600
2025-02-27,235.84933471679688,240.97779411500133,235.61079643123784,237.94643641845556,41153600
2025-02-28,240.36158752441406,240.61005923211764,228.7927454203557,235.5014815283524,56833400
2025-03-03,236.57485961914062,242.53818006191796,234.66659889731284,240.31186830369816,47184000
2025-03-04,234.4877166748047,238.60242278275774,233.24535811530478,236.25684921580154,53798100
2025-03-05,234.2988739013672,235.1039197629907,227.82866128733946,233.98082285378285,47227600
2025-03-06,233.89138793945312,236.4059203890797,231.73465535282332,233.00682927336524,45170400
2025-03-07,237.6085205078125,239.8944479764648,233.3248557337566,233.67272217403436,46273600
2025-03-10,226.08938598632812,234.71633209649934,222.84932017741133,234.10011191080184,72071200
2025-03-11,219.48997497558594,224.45940937640347,216.12069905845206,222.44182022291236,76137400
2025-03-12,215.65354919433594,220.39439337943787,213.59621144659917,218.79423505763873,62547500
2025-03-13,208.39820861816406,215.51444282745413,207.14591651941646,214.62988404763396,61368300
2025-03-14,212.18490600585938,212.64208545758027,208.2988048386841,209.9585940343847,60107600
2025-03-17,212.69180297851562,213.90434624612,208.68643986463772,212.00601857046763,48073400
2025-03-18,211.3897705078125,213.8347233648863,210.1971094678613,212.8507852105428,42432400
2025-03-19,213.9241943359375,217.42266485537363,212.44329758558237,212.91042558181826,54385400
2025-03-20,212.79116821289062,216.16044383082547,210.9226561911479,212.6818400591608,48862900
2025-03-21,216.93568420410156,217.5021918152461,209.9884097524224,210.26669685360034,94127800
2025-03-24,219.38064575195312,220.1260609084734,217.24379503613238,219.64899945464327,44299500
2025-03-25,222.38218688964844,222.73005335992565,218.73462390108503,219.4204082670252,34493600
2025-03-26,220.1757354736328,223.64440576884627,219.12221792138408,222.1436270366165,34466100
2025-03-27,222.4815673828125,223.61459773398053,219.21167130142226,220.03659916949772,37094800
2025-03-28,216.56793212890625,222.44180687800483,216.34927581514728,220.31488968867507,39818600
2025-03-31,220.77207946777344,224.24073468961828,214.90813825561798,215.683368745432,65299300
2025-04-01,221.82559204101562,222.31258685550372,217.56180927777046,218.46624988397502,36412700
2025-04-02,222.5213165283203,223.8133724100327,219.66886624627372,219.9670353213626,35905900
2025-04-03,201.94789123535156,206.22160814156834,200.01974813123203,204.28351646204925,103419000
2025-04-04,187.22842407226562,198.658123727335,186.19477317599058,192.7047355778497,125910900
2025-04-07,180.3507080078125,192.96311894309866,173.55251067175698,176.11674047268428,160466300
2025-04-08,171.36595153808594,189.17640027021665,168.17558356470508,185.55865310846366,120859500
2025-04-09,197.63438415527344,199.383619356675,170.8391909937331,170.89882177160354,184395900
2025-04-10,189.2559356689453,193.5892830219747,181.88129692496375,187.9141974958541,121880000
2025-04-11,196.93865966796875,198.32016168749274,184.92257212057936,184.96233608452022,87435900
2025-04-14,201.28196716308594,211.63826622013798,199.9302804535287,210.14743595954587,101352900
2025-04-15,200.90428161621094,202.26590170954893,198.57859009217825,200.6259945192588,51343900
2025-04-16,193.0823974609375,199.47308245703653,191.19400339685228,197.1473909296092,59732400
2025-04-17,195.7758331298828,197.61452992177487,193.2314851467638,195.9944894564487,52164700
2025-04-21,191.9791717529297,192.6152586778503,188.64964501381652,192.08849990403363,46742500
2025-04-22,198.51898193359375,200.3576636647513,194.77202394084523,194.9211009149487,52976400
2025-04-23,203.34922790527344,206.72843666924064,201.56022878561117,204.7406632397287,52929200
2025-04-24,207.09619140625,207.55338601533765,201.69939326414854,203.63746952607698,47311000
2025-04-25,208.00062561035156,208.46775361357263,204.9394524859384,205.10841141990002,38222300
2025-04-28,208.8553924560547,210.2070792460064,206.1917828448175,208.71624889674396,38743100
2025-04-29,209.91885375976562,210.94255602883885,207.096203506044,207.41425458581946,36827600
2025-04-30,211.20095825195312,212.2743578831654,205.4065960245207,208.0205233254963,52286500
2025-05-01,212.01596069335938,213.2483707428857,207.62296725165953,207.80187477964563,57365700
2025-05-02,204.09466552734375,205.72463931330321,200.92416412992952,204.83013207172814,101010600
2025-05-05,197.67417907714844,202.85233686944883,196.99834321624024,201.85844989834033,69018500
2025-05-06,197.29647827148438,199.42339557924856,195.81559653234874,196.99832434112832,51216500
2025-05-07,195.05029296875,198.2207944248892,192.0686324392914,197.9524407308952,68536700
2025-05-08,196.28269958496094,198.82704723676696,193.4898650803139,196.51128929096475,50478900
2025-05-09,197.3163604736328,199.3140676367793,196.33240700583877,197.78348851905432,36453900
2025-05-12,209.776123046875,210.2538252478288,205.75556156059073,209.95526516858178,63775800
2025-05-13,211.9058380126953,212.3735786127325,207.99474788922345,209.4178625594749,51909300
2025-05-14,211.3087158203125,212.9109724892217,209.56713314477625,211.40822571910564,49325800
2025-05-15,210.43295288085938,211.93569971673273,208.53213606160298,209.93535780893234,45029500
2025-05-16,210.24386596679688,211.54757782116647,208.7610423595207,211.33858120774948,54737900
2025-05-19,207.7758026123047,208.47243269467637,203.2775387890809,206.90999202317107,46140500
2025-05-20,205.8650360107422,207.46729276724128,204.04383620537516,206.67113760639387,42496600
2025-05-21,201.1179656982422,206.04415370597744,199.74461367242378,204.18315305948536,59211800
2025-05-22,200.39149475097656,201.77480849030061,198.7394754118135,199.7446272097534,46742400
2025-05-23,194.33079528808594,196.74910019358438,192.5295034494263,192.7384848883374,78432900
2025-05-27,199.24703979492188,199.77448939448533,196.4803970243206,197.34622283817185,56288500
2025-05-28,199.4560089111328,201.75489573800118,198.9385057789635,199.6251894151235,45339700
2025-05-29,198.98826599121094,202.8297005493605,197.55518975609246,202.60081106845576,51396800
2025-05-30,199.88394165039062,200.98860329086406,195.83351057352263,198.4110493394953,70819900
2025-06-02,200.7298583984375,201.15779807678393,199.15745607510846,199.31669015009302,35423300
2025-06-03,202.2923126220703,202.78990771325485,199.99342573046133,200.38154929416936,46381600
2025-06-04,201.84446716308594,205.24801554678163,201.1279290627925,201.9340306292736,43604000
2025-06-05,199.6649932861328,203.765171611367,199.1872911078447,202.521183994692,55126100
2025-06-06,202.93917846679688,204.7106157617459,201.07817770068002,202.0236053289331,46607700
2025-06-09,200.48106384277344,205.0091823144686,199.05794913802782,203.40692547634254,72862600
2025-06-10,201.6951904296875,203.36711781582227,199.60530017876516,199.63515466910712,54672600
2025-06-11,197.8238983154297,203.51638723180633,197.45568281643992,202.5211970741936,60989900
2025-06-12,198.2418670654297,198.71955406677787,196.410720905765,198.12244911144163,43904600
2025-06-13,195.50509643554688,199.4062398916536,194.758703844025,198.7693188209708,51447300
2025-06-16,197.46563720703125,197.73434281232372,195.61458283187793,196.3510290449251,43020700
2025-06-17,194.69900512695312,197.4357781067605,194.27108064091922,196.25149936947125,38856200
2025-06-18,195.6344757080078,196.6197193940347,194.13174409281177,194.9975546383106,45394700
2025-06-20,200.03321838378906,200.72984844555882,195.9131318065836,197.28649906078425,96813500
2025-06-23,200.53082275390625,201.3269779408771,198.00304635957568,200.6602023375907,55814300
2025-06-24,199.33657836914062,202.4614746491071,199.23705328583006,201.61555699715424,54064000
2025-06-25,200.59051513671875,202.6903668657116,199.65503400834336,200.4810436177515,39525700
2025-06-26,200.03321838378906,201.66532960796235,198.50063224789568,200.4611428555203,50799100
2025-06-27,200.1128387451172,202.24254507531293,199.03803155248616,200.91894034324127,73188600
2025-06-30,204.1831512451172,206.39247448465787,198.30157410241034,201.03834688076608,91912800
2025-07-01,206.82041931152344,209.17901505124104,205.1484920031366,205.6759415551798,78788900
2025-07-02,211.418212890625,212.31387801499196,207.13889190503232,207.90519262679368,67941800
2025-07-03,212.52285766601562,213.61755770997246,210.7912213537831,211.12958235725722,34955800
2025-07-07,208.94017028808594,215.18996325511674,207.79570768244494,211.65703516300363,50229000
2025-07-08,208.99989318847656,210.41306148236814,207.44739887083225,209.08947184941582,42848900
2025-07-09,210.12445068359375,210.31353924447487,206.22330706177223,208.52219391164948,48749400
2025-07-10,211.38836669921875,212.45321238064957,209.01980902189666,209.49749609462273,44443600
2025-07-11,210.1443634033203,211.10969909895366,208.8506131239295,209.55720483784353,39765800
2025-07-14,207.6165771484375,209.89557123752414,206.54176989733165,208.92027389637033,38840100
2025-07-15,208.10421752929688,210.87084499335577,207.9151289669034,208.21368905566166,42296300
2025-07-16,209.14915466308594,211.37837076419683,207.63646146204943,209.28848066940537,47490500
2025-07-17,209.0098419189453,210.78127919114968,208.58190225319882,209.5571995447156,48068100
2025-07-18,210.16427612304688,210.77134280149863,208.69139875998633,209.8557695657908,48974600
2025-07-21,211.45799255371094,214.74212298846783,210.61209006251647,211.07983063398711,51377400
2025-07-22,213.3687744140625,213.91613206526756,211.20921348603295,212.11484021935428,46404100
2025-07-23,213.11996459960938,214.11515474984876,211.38834345684663,213.96588230147148,46989300
2025-07-24,212.73184204101562,214.65256693634578,212.50295255730364,212.87116805528336,46022600
2025-07-25,212.85128784179688,214.20474714033003,212.37358560556336,213.66733592091674,40268800
2025-07-28,213.0204620361328,213.81661722083774,212.03521828670327,213.00055398053098,37858000
2025-07-29,210.2538299560547,213.7767964509494,209.80599741985404,213.14982178903043,51411700
2025-07-30,208.04449462890625,211.36842593737322,206.72088996610802,210.88077731884883,45512500
2025-07-31,206.57162475585938,208.83069544134486,206.16359315375274,207.48719786288635,80698400
2025-08-01,201.40658569335938,212.5527122409286,200.53081350952442,209.85574027592583,104434500
2025-08-04,202.3719482421875,206.88015896746464,200.7099671218664,203.52635741884018,75109300
2025-08-05,201.94398498535156,204.35234334482283,201.18764593221573,202.42167200915333,44155100
2025-08-06,212.2242889404297,214.3440487139093,204.60112912578842,204.64094523363173,108483100
2025-08-07,218.9716796875,219.78774287041324,215.5382768294147,217.8272171299369,90224800
2025-08-08,228.24688720703125,229.88894502591432,218.19545972697713,219.76786212559261,113854000
2025-08-11,226.34388732910156,228.71513292468896,223.9327956372812,227.08116933177635,61806100
2025-08-12,228.80477905273438,229.95055565919736,226.23428798669784,227.17081559543826,55626200
2025-08-13,232.47125244140625,234.1351043372746,229.58191650034667,230.2195756343437,69878500
2025-08-14,231.92327880859375,234.25466305951576,230.0003892485326,233.1985666998313,51916300
2025-08-15,230.73765563964844,233.417757832359,228.49593650929467,233.1387895567921,56038700
2025-08-18,230.0402374267578,232.26202593201924,229.26310933608104,230.8472538899505,37476200
2025-08-19,229.71145629882812,232.0129522601839,228.50591803460907,230.42880766374827,39402600
2025-08-20,225.17819213867188,229.6217843388592,224.93908515924198,229.13358225147155,42263900
2025-08-21,224.072265625,225.6863136691638,222.95639256938466,225.43723377620466,30621200
2025-08-22,226.92173767089844,228.2468445109381,224.5803958248437,225.33759321802492,42477800
2025-08-25,226.323974609375,228.45609804536198,225.3973894325087,225.6464693442017,30983100
2025-08-26,228.46604919433594,228.6453946309622,223.86305742355088,226.03502689374838,54575100
2025-08-27,229.64170837402344,230.05018785299507,227.41990473660533,227.76862267507164,31259500
2025-08-28,231.70408630371094,232.55096405412047,228.4959359400532,229.9704999102399,38074700
2025-08-29,231.28562927246094,232.52107103838586,230.51845893056873,231.65426265633033,39418400
2025-09-02,228.87454223632812,230.00038826150748,226.1346633063032,228.4062708029861,44075600
2025-09-03,237.59234619140625,237.9709525201245,233.49747185558658,236.33698891571112,66427800
2025-09-04,238.89752197265625,239.01707546456905,235.86871695735925,237.57241502764154,47549400
2025-09-05,238.80783081054688,240.43183651086895,237.61225041390915,239.11668743272676,54870400
2025-09-08,237.00450134277344,239.2661357937392,235.4701607098454,238.41927329094256,48999500
2025-09-09,233.4875030517578,237.90119155812317,232.5011411802574,236.12774389612645,66313900
2025-09-10,225.95533752441406,231.56462228661692,225.11843262708078,231.33547301291114,83440800
2025-09-11,229.1833953857422,229.60184779162614,225.81583028738913,226.04499474029723,50208600
2025-09-12,233.2085418701172,233.6469097348115,228.17712472443904,228.37638560886936,55824200
2025-09-15,235.828857421875,237.31337916896246,234.16500543557729,236.12775635652346,42699500
2025-09-16,237.2735137939453,240.33222235518573,235.45026224943368,236.30708253667353,63421100
2025-09-17,238.11044311523438,239.21635855568803,236.85507060288438,238.09051246512186,46508000
2025-09-18,237.00450134277344,240.31227437025743,235.77901734043184,239.0868055705458,44249600
2025-09-19,244.59645080566406,245.3935094903633,239.32592704772566,240.342162048153,163741300
2025-09-22,255.13751220703125,255.69547916115815,247.2068166293636,247.38616206443075,105517400
2025-09-23,253.49359130859375,256.3928850249964,252.64672876089196,254.9382669065294,60275200
2025-09-24,251.38140869140625,254.79879299943292,250.11607847800005,254.2807025242173,42303700
2025-09-25,255.9246368408203,256.2235509944071,250.78363873545524,252.27811828759639,55202100
2025-09-26,254.51980590820312,256.6519291955366,252.84598111295833,253.16481067495934,46076300
2025-09-29,253.49359130859375,254.06150078407975,252.07881928540593,253.62311772285494,40127700
2025-09-30,253.69287109375,254.97811672142575,252.17846100632588,253.92202035086734,37704300
2025-10-01,254.50985717773438,257.8375764362911,253.99176669154556,254.10136246357334,48713900
2025-10-02,256.18365478515625,257.229778167004,253.21461153357077,255.63566078088252,42630200
2025-10-03,257.07037353515625,258.2858846694617,253.01536064819075,253.73271197999827,49155600
2025-10-06,255.7452850341797,258.1165305885388,254.1113214696764,257.0404883747525,44664100
2025-10-07,255.5360565185547,256.45265350411205,254.48990271764998,255.86482860124664,31955800
2025-10-08,257.1102600097656,257.5685585594684,255.16742442767125,255.57591915435188,36496900
2025-10-09,253.1050262451172,257.0504585775582,252.2083446799687,256.8611554198282,38322000
2025-10-10,244.3673095703125,255.436420799504,243.10197943699816,254.00171816056968,61999100
2025-10-13,246.74850463867188,248.77103211910116,244.6562274921306,248.46217548947354,38142900
2025-10-14,246.8581085205078,247.93413549962378,243.79940008876653,245.69241642712313,35478000
2025-10-15,248.42233276367188,250.89321639065437,246.559219921403,248.57178982967116,33893600
2025-10-16,246.53929138183594,248.1234359576197,244.22783772705108,247.33635013275978,39777000
2025-10-17,251.36146545410156,252.44746537322095,246.35995200283696,247.10719170360767,49147000
2025-10-20,261.27484130859375,263.4069798400544,254.68918336894043,254.94822099113512,90483000
2025-10-21,261.80291748046875,264.3136625920602,260.86637452698056,260.91620875530236,46695900
2025-10-22,257.4988098144531,261.882609922878,254.4899051977633,261.6833338430701,45015300
2025-10-23,258.6246337890625,259.6608147081683,257.0604350924048,258.98332466328685,32754900
2025-10-24,261.85272216796875,263.15789839957887,258.22610426270086,260.2287163700197,38253700
2025-10-27,267.8206787109375,268.1295353654346,263.67598537979285,263.90514984178776,44888200
2025-10-28,268.0099792480469,268.89671830922975,267.1631014853557,268.00000632210845,41534800
2025-10-29,268.7073974609375,270.4110953948544,266.1269030442272,268.28892986747474,51086700
2025-10-30,270.401123046875,273.1310593223432,267.49188695276854,270.98894793982623,69886500
2025-10-31,269.37493896484375,276.29937269597025,268.16940070155243,275.9705701844509,86167100
2025-11-03,268.05975341796875,269.8531467885877,265.2700709373508,269.424736694289,50194600
2025-11-04,269.0461730957031,270.49081837885313,266.6350661079627,267.3424445625432,49274800
2025-11-05,269.14581298828125,270.7000692568828,265.94760492323326,267.6214146886098,43683100
2025-11-06,268.7771301269531,272.3937751745226,266.90407480138714,266.90407480138714,51204000
2025-11-07,267.48193359375,271.2878818962731,265.7881780523408,268.80702532983145,48227400
2025-11-10,268.6986083984375,272.9869540449525,266.7339548671466,268.22988302493957,41312400
2025-11-11,274.5028076171875,275.16101963639426,269.0675899882029,269.07757258136417,46208300
2025-11-12,272.7276611328125,274.9815360542478,270.9624767916609,274.2535066981436,48398000
2025-11-13,272.2090759277344,275.9488963676571,271.3513946141157,273.36590026791555,49602800
2025-11-14,271.6705017089844,275.21085247368256,268.8681323529343,270.31417782757546,47431300
2025-11-17,266.73394775390625,269.7557213346742,265.00866346949266,268.09027174019775,45018300
2025-11-18,266.7140197753906,269.9751321987233,264.59977951795884,269.2570854665072,45677300
2025-11-19,267.8309631347656,271.47104873805114,264.77927226211665,264.80918960656476,40424500
2025-11-20,265.5272521972656,274.68232536305425,265.1981613886433,270.09480618650156,45823600
2025-11-21,270.75299072265625,272.5879921198442,264.9488130991126,265.2280517805383,59030800
2025-11-24,275.1709899902344,276.24804478801667,270.16459800357205,270.16459800357205,65585800
2025-11-25,276.2181701660156,279.6189174225992,274.50283786370125,274.52277261748515,46914200
2025-11-26,276.79656982421875,278.7712060098946,275.8790842359358,276.2081750495132,33431400
2025-11-28,278.0930480957031,278.242634823177,275.2407959413455,276.50736791500816,20135600
2025-12-01,282.3315124511719,282.65065109438723,275.3904143522869,277.2553332443013,46587700
2025-12-02,285.4131164550781,286.619823290159,281.86278279875575,282.231773534172,53669500
2025-12-03,283.378662109375,287.8365294074879,282.5309633672564,285.4231155973949,43538700
2025-12-04,279.9380187988281,283.95707766942763,277.83373081751637,283.3287830094401,43989100
2025-12-05,278.0232238769531,280.37683325787106,277.2951945750906,279.77845592816414,47265800
2025-12-08,277.1356506347656,278.9108174051644,275.4003533668138,277.374989388386,38211800
2025-12-09,276.42755126953125,279.26982065807096,276.16827776921565,277.4049018876359,32193300
2025-12-10,278.0232238769531,278.9905919368044,275.68957968235776,276.9960211276047,33038300
2025-12-11,277.2752685546875,278.8310314000742,273.0667227973629,278.34237127554803,33248000
2025-12-12,277.52459716796875,278.4620479370953,276.0685689150702,277.14562382282355,39532900
2025-12-15,273.3658752441406,279.3894873363706,272.0993337942639,279.3894873363706,50409100
2025-12-16,273.8645324707031,274.752131096348,271.0522107383373,272.07941349564567,37648600
2025-12-17,271.10205078125,275.41033087528734,270.9026119684932,274.2634587890498,50138700
2025-12-18,271.4511413574219,272.88723490520505,266.22537510199504,272.8672697170699,51630700
2025-12-19,272.9271240234375,273.8545921928022,269.1673383776201,271.4112306527045,144632000
2025-12-22,270.23443603515625,273.13654030849926,269.7756932559407,272.1192896847017,36571800
2025-12-23,271.62066650390625,271.7603010837797,268.8282792538215,270.1048034873943,29642000
2025-12-24,273.06671142578125,274.6823088952694,271.46109654935304,271.60070067851706,17910600
2025-12-26,272.6578369140625,274.6224904749486,272.11929424741834,273.41578359787746,21521800
2025-12-29,273.0168762207031,273.61522314661676,271.6107000753325,271.9497734782625,23715200
2025-12-30,272.3387145996094,273.3360001129787,271.54089836280934,272.0694584675055,22139600
2025-12-31,271.12200927734375,272.9370761103812,271.0123224859311,272.3187639976345,27293600
